artifact_group,relative_path,absolute_path,exists,size_bytes,sha256
core_required,deu_validation/stage3b_outputs/stage3b37_preprint_release_scope_lock.json,/home/merwijas/deu_class/CLASS-DEU/deu_validation/stage3b_outputs/stage3b37_preprint_release_scope_lock.json,True,17187,0b118cf5e85f3ca98ce19b7a7711e2fdbc43c518ea1a1042c5bd09e84d022233
core_required,deu_validation/stage3b_outputs/stage3b37_preprint_release_scope_lock_acceptance.md,/home/merwijas/deu_class/CLASS-DEU/deu_validation/stage3b_outputs/stage3b37_preprint_release_scope_lock_acceptance.md,True,5003,9f8974c33611ca2d294c1cc27eb70e684148701a676396cd194b19475f550eb8
core_required,deu_validation/stage3b_outputs/stage3b37_preprint_release_scope_lock_preprint_scope_lock.md,/home/merwijas/deu_class/CLASS-DEU/deu_validation/stage3b_outputs/stage3b37_preprint_release_scope_lock_preprint_scope_lock.md,True,3192,28e3a6edff645052be794ff36875dc3aae9cfd02a401578ab3b2f07443f013bd
core_required,deu_validation/stage3b_outputs/stage3b37_preprint_release_scope_lock_preprint_guardrails.md,/home/merwijas/deu_class/CLASS-DEU/deu_validation/stage3b_outputs/stage3b37_preprint_release_scope_lock_preprint_guardrails.md,True,628,c6ab583285125a8a7adf0864720e88509920967f840462e13c19d74a200dfc32
core_required,deu_validation/stage3b_outputs/stage3b38_preprint_manuscript_package.json,/home/merwijas/deu_class/CLASS-DEU/deu_validation/stage3b_outputs/stage3b38_preprint_manuscript_package.json,True,21328,39d4d2b19bbe6c839b01680ff2f8ab2239df8e0e868c3cc555004a01c12835fe
core_required,deu_validation/stage3b_outputs/stage3b38_preprint_manuscript_package_acceptance.md,/home/merwijas/deu_class/CLASS-DEU/deu_validation/stage3b_outputs/stage3b38_preprint_manuscript_package_acceptance.md,True,6628,fe0bcb90b64c1a347357dbf8fded19b32898511410ab7df77870f11db5273cc1
core_required,deu_validation/stage3b_outputs/stage3b38_preprint_manuscript_package_preprint_manuscript_draft.md,/home/merwijas/deu_class/CLASS-DEU/deu_validation/stage3b_outputs/stage3b38_preprint_manuscript_package_preprint_manuscript_draft.md,True,6103,20ac8a1fb42ae7e83ea72994c0545fdd4851a95fae581e331a1dab1486feb383
core_required,deu_validation/stage3b_outputs/stage3b38_preprint_manuscript_package_preprint_abstract.md,/home/merwijas/deu_class/CLASS-DEU/deu_validation/stage3b_outputs/stage3b38_preprint_manuscript_package_preprint_abstract.md,True,884,066226e6bc7e90c7ea55a892f2950d07d3eb02d109c2a912a97981bafc9e6b6e
core_required,deu_validation/stage3b_outputs/stage3b38_preprint_manuscript_package_methods_appendix.md,/home/merwijas/deu_class/CLASS-DEU/deu_validation/stage3b_outputs/stage3b38_preprint_manuscript_package_methods_appendix.md,True,828,434cae82185647b70e6255507bf29ce132c4c9e61ade6a0f583f634d2e178858
core_required,deu_validation/stage3b_outputs/stage3b38_preprint_manuscript_package_reproducibility_statement.md,/home/merwijas/deu_class/CLASS-DEU/deu_validation/stage3b_outputs/stage3b38_preprint_manuscript_package_reproducibility_statement.md,True,650,16fd95f9e83bda1bf6ce717df859fc9848bcae5bb8bf18da6b5ceeb1681f7d8c
core_required,deu_validation/stage3b_outputs/stage3b39_preprint_submission_readiness_gate.json,/home/merwijas/deu_class/CLASS-DEU/deu_validation/stage3b_outputs/stage3b39_preprint_submission_readiness_gate.json,True,20933,722dac0e72c8257cfdc38d2d117b6b9f774dabe11e70ab8a8287b757ee15e278
core_required,deu_validation/stage3b_outputs/stage3b39_preprint_submission_readiness_gate_acceptance.md,/home/merwijas/deu_class/CLASS-DEU/deu_validation/stage3b_outputs/stage3b39_preprint_submission_readiness_gate_acceptance.md,True,6829,75863fd4ac920cc333fcfb36e3a5aee3c6226b07c406198e666c83f715df0a30
core_required,deu_validation/stage3b_outputs/stage3b39_preprint_submission_readiness_gate_submission_readiness_report.md,/home/merwijas/deu_class/CLASS-DEU/deu_validation/stage3b_outputs/stage3b39_preprint_submission_readiness_gate_submission_readiness_report.md,True,4663,664659c072abe5469b16bbbb61ee4c337ef5e8f326527fc505c5c536b06806b4
core_required,deu_validation/stage3b_outputs/stage3b39_preprint_submission_readiness_gate_preprint_metadata.json,/home/merwijas/deu_class/CLASS-DEU/deu_validation/stage3b_outputs/stage3b39_preprint_submission_readiness_gate_preprint_metadata.json,True,837,f8c5936888cc284b03de17fd150fcfde99215cf5c9b709a27c28fe4525559e2b
core_required,deu_validation/stage3b_outputs/stage3b39_preprint_submission_readiness_gate_source_package_manifest.csv,/home/merwijas/deu_class/CLASS-DEU/deu_validation/stage3b_outputs/stage3b39_preprint_submission_readiness_gate_source_package_manifest.csv,True,3563,51838aeeac367e3a08ed61ee05a46ba3d31b8979b228c6df59c2cb05a2ff018c
core_required,deu_validation/stage3b_outputs/stage3b39_preprint_submission_readiness_gate_sha256_manifest.csv,/home/merwijas/deu_class/CLASS-DEU/deu_validation/stage3b_outputs/stage3b39_preprint_submission_readiness_gate_sha256_manifest.csv,True,3563,51838aeeac367e3a08ed61ee05a46ba3d31b8979b228c6df59c2cb05a2ff018c
core_required,deu_validation/stage3b_outputs/stage3b39_preprint_submission_readiness_gate_author_release_checklist.md,/home/merwijas/deu_class/CLASS-DEU/deu_validation/stage3b_outputs/stage3b39_preprint_submission_readiness_gate_author_release_checklist.md,True,1629,698b79fe4a361b6c0fbb1e37267c44c7db9e4b0ad34c7cb2486bbe6734147e57
core_required,deu_validation/stage3b_outputs/stage3b35_replication_package_freeze_reviewer_dry_run.json,/home/merwijas/deu_class/CLASS-DEU/deu_validation/stage3b_outputs/stage3b35_replication_package_freeze_reviewer_dry_run.json,True,15043,0f050937ffa44ef26e7eafef22fddf395db2a5182ec4e83e22ed019d8dffc6d6
core_required,deu_validation/stage3b_outputs/stage3b35_replication_package_freeze_reviewer_dry_run_freeze_manifest.json,/home/merwijas/deu_class/CLASS-DEU/deu_validation/stage3b_outputs/stage3b35_replication_package_freeze_reviewer_dry_run_freeze_manifest.json,True,1790,2f7678354733c45c86533afd2d6b2813774e1163e7307f33113dab00e08c9683
core_required,deu_validation/stage3b_outputs/stage3b35_replication_package_freeze_reviewer_dry_run_package_manifest.csv,/home/merwijas/deu_class/CLASS-DEU/deu_validation/stage3b_outputs/stage3b35_replication_package_freeze_reviewer_dry_run_package_manifest.csv,True,37484,e664def2c2dd3987b4612efa29042a5bcc08b5b065085258b0676063834a2907
core_required,deu_validation/stage3b_outputs/stage3b35_replication_package_freeze_reviewer_dry_run_sha256_manifest.csv,/home/merwijas/deu_class/CLASS-DEU/deu_validation/stage3b_outputs/stage3b35_replication_package_freeze_reviewer_dry_run_sha256_manifest.csv,True,34077,034cbdbfd494da3ad582876d49d7ebfe01b26137ad602a8c046f5b94062b8dff
core_required,deu_validation/stage3b_outputs/stage3b20_final_scoped_internal_report.json,/home/merwijas/deu_class/CLASS-DEU/deu_validation/stage3b_outputs/stage3b20_final_scoped_internal_report.json,True,28292,c13417bb540ff713e8940e7eca93cca5dcc57090ee19e5913b0ea725b21c3bd9
core_required,deu_validation/stage3b_outputs/stage3b20_final_scoped_internal_report_final_scoped_report.md,/home/merwijas/deu_class/CLASS-DEU/deu_validation/stage3b_outputs/stage3b20_final_scoped_internal_report_final_scoped_report.md,True,2829,a7de0bf4296b7efbfeaebc9f73e351dd3df0bf78aeaa42346c1db9b848600cda
recommended_public_verification,deu_validation/stage3b_outputs/stage3b37_preprint_release_scope_lock.json,/home/merwijas/deu_class/CLASS-DEU/deu_validation/stage3b_outputs/stage3b37_preprint_release_scope_lock.json,True,17187,0b118cf5e85f3ca98ce19b7a7711e2fdbc43c518ea1a1042c5bd09e84d022233
recommended_public_verification,deu_validation/stage3b_outputs/stage3b37_preprint_release_scope_lock_acceptance.md,/home/merwijas/deu_class/CLASS-DEU/deu_validation/stage3b_outputs/stage3b37_preprint_release_scope_lock_acceptance.md,True,5003,9f8974c33611ca2d294c1cc27eb70e684148701a676396cd194b19475f550eb8
recommended_public_verification,deu_validation/stage3b_outputs/stage3b37_preprint_release_scope_lock_allowed_preprint_statements.csv,/home/merwijas/deu_class/CLASS-DEU/deu_validation/stage3b_outputs/stage3b37_preprint_release_scope_lock_allowed_preprint_statements.csv,True,1251,877bc5767a0a64528456f0fd1a460b4de9bc9bbafa825016089d9f77587a082f
recommended_public_verification,deu_validation/stage3b_outputs/stage3b37_preprint_release_scope_lock_artifact_index.csv,/home/merwijas/deu_class/CLASS-DEU/deu_validation/stage3b_outputs/stage3b37_preprint_release_scope_lock_artifact_index.csv,True,2515,eb50f70a7bc7fb761488843c130253d5ba2ea5b2d9a63c3f44c5caebbdbaf024
recommended_public_verification,deu_validation/stage3b_outputs/stage3b37_preprint_release_scope_lock_blocked_claims.csv,/home/merwijas/deu_class/CLASS-DEU/deu_validation/stage3b_outputs/stage3b37_preprint_release_scope_lock_blocked_claims.csv,True,859,2b6ac29e4ba4b43e492b260a71ec3fe99ffc721fc40dfbbe06d4f60ab5386087
recommended_public_verification,deu_validation/stage3b_outputs/stage3b37_preprint_release_scope_lock_evidence_lineage_for_preprint.csv,/home/merwijas/deu_class/CLASS-DEU/deu_validation/stage3b_outputs/stage3b37_preprint_release_scope_lock_evidence_lineage_for_preprint.csv,True,337,4c2b0b62631dc2f019d4591bfd78503b6d15b6083a0033b732493c96b9278025
recommended_public_verification,deu_validation/stage3b_outputs/stage3b37_preprint_release_scope_lock_preprint_guardrails.md,/home/merwijas/deu_class/CLASS-DEU/deu_validation/stage3b_outputs/stage3b37_preprint_release_scope_lock_preprint_guardrails.md,True,628,c6ab583285125a8a7adf0864720e88509920967f840462e13c19d74a200dfc32
recommended_public_verification,deu_validation/stage3b_outputs/stage3b37_preprint_release_scope_lock_preprint_scope_lock.md,/home/merwijas/deu_class/CLASS-DEU/deu_validation/stage3b_outputs/stage3b37_preprint_release_scope_lock_preprint_scope_lock.md,True,3192,28e3a6edff645052be794ff36875dc3aae9cfd02a401578ab3b2f07443f013bd
recommended_public_verification,deu_validation/stage3b_outputs/stage3b37_preprint_release_scope_lock_replication_package_recap.csv,/home/merwijas/deu_class/CLASS-DEU/deu_validation/stage3b_outputs/stage3b37_preprint_release_scope_lock_replication_package_recap.csv,True,852,95076fbc6e344196c15b7fe7705c5349a9e25f60e388e69e364094d71c08b310
recommended_public_verification,deu_validation/stage3b_outputs/stage3b37_preprint_release_scope_lock_scope_manifest.json,/home/merwijas/deu_class/CLASS-DEU/deu_validation/stage3b_outputs/stage3b37_preprint_release_scope_lock_scope_manifest.json,True,2337,03a56bb4e276432a6c90f9a491c09a7ab261c0ca9cc0d1b938cfd4ebbc7f3bd3
recommended_public_verification,deu_validation/stage3b_outputs/stage3b37_preprint_release_scope_lock_tri_anchor_context.csv,/home/merwijas/deu_class/CLASS-DEU/deu_validation/stage3b_outputs/stage3b37_preprint_release_scope_lock_tri_anchor_context.csv,True,966,7e7b49a0c8b773825ef13d336e27afcdba7567e4205763123dea4fba2b3e6785
recommended_public_verification,deu_validation/stage3b_outputs/stage3b37_preprint_release_scope_lock_tt_lite_preprint_scope.md,/home/merwijas/deu_class/CLASS-DEU/deu_validation/stage3b_outputs/stage3b37_preprint_release_scope_lock_tt_lite_preprint_scope.md,True,295,b1059bd47da390463b26635a0207ce79f5544b3b00a71548ebad03e9a0fd8a51
recommended_public_verification,deu_validation/stage3b_outputs/stage3b38_preprint_manuscript_package.json,/home/merwijas/deu_class/CLASS-DEU/deu_validation/stage3b_outputs/stage3b38_preprint_manuscript_package.json,True,21328,39d4d2b19bbe6c839b01680ff2f8ab2239df8e0e868c3cc555004a01c12835fe
recommended_public_verification,deu_validation/stage3b_outputs/stage3b38_preprint_manuscript_package_acceptance.md,/home/merwijas/deu_class/CLASS-DEU/deu_validation/stage3b_outputs/stage3b38_preprint_manuscript_package_acceptance.md,True,6628,fe0bcb90b64c1a347357dbf8fded19b32898511410ab7df77870f11db5273cc1
recommended_public_verification,deu_validation/stage3b_outputs/stage3b38_preprint_manuscript_package_allowed_preprint_statements.csv,/home/merwijas/deu_class/CLASS-DEU/deu_validation/stage3b_outputs/stage3b38_preprint_manuscript_package_allowed_preprint_statements.csv,True,655,6e88abf994d365e5575915af746fba049883877b59e676b38e080078949da5d6
recommended_public_verification,deu_validation/stage3b_outputs/stage3b38_preprint_manuscript_package_artifact_index.csv,/home/merwijas/deu_class/CLASS-DEU/deu_validation/stage3b_outputs/stage3b38_preprint_manuscript_package_artifact_index.csv,True,37251,f543010d7e8f4e3da86d322a45b41260de2e1289ececfeaa80dbd29b70733a18
recommended_public_verification,deu_validation/stage3b_outputs/stage3b38_preprint_manuscript_package_blocked_claims.csv,/home/merwijas/deu_class/CLASS-DEU/deu_validation/stage3b_outputs/stage3b38_preprint_manuscript_package_blocked_claims.csv,True,604,16bda8c9e29a19c8f788a074770b77bb4148a91f056a69aa816de35cf9cb888b
recommended_public_verification,deu_validation/stage3b_outputs/stage3b38_preprint_manuscript_package_claim_matrix.csv,/home/merwijas/deu_class/CLASS-DEU/deu_validation/stage3b_outputs/stage3b38_preprint_manuscript_package_claim_matrix.csv,True,1504,f190d285ef6b168546955027d0a520a8fd6af35c6ee6e7d84757c96910d40fa6
recommended_public_verification,deu_validation/stage3b_outputs/stage3b38_preprint_manuscript_package_evidence_lineage.csv,/home/merwijas/deu_class/CLASS-DEU/deu_validation/stage3b_outputs/stage3b38_preprint_manuscript_package_evidence_lineage.csv,True,581,6777b6a241bb739592fe05792b55f8a0c8c506dbef829e268ca818714244c2cd
recommended_public_verification,deu_validation/stage3b_outputs/stage3b38_preprint_manuscript_package_methods_appendix.md,/home/merwijas/deu_class/CLASS-DEU/deu_validation/stage3b_outputs/stage3b38_preprint_manuscript_package_methods_appendix.md,True,828,434cae82185647b70e6255507bf29ce132c4c9e61ade6a0f583f634d2e178858
recommended_public_verification,deu_validation/stage3b_outputs/stage3b38_preprint_manuscript_package_package_manifest.json,/home/merwijas/deu_class/CLASS-DEU/deu_validation/stage3b_outputs/stage3b38_preprint_manuscript_package_package_manifest.json,True,1817,427cc9e2c38182dd1d04f48ddfc060a108b9185aaf38b5927cbe65c1044f5262
recommended_public_verification,deu_validation/stage3b_outputs/stage3b38_preprint_manuscript_package_preprint_abstract.md,/home/merwijas/deu_class/CLASS-DEU/deu_validation/stage3b_outputs/stage3b38_preprint_manuscript_package_preprint_abstract.md,True,884,066226e6bc7e90c7ea55a892f2950d07d3eb02d109c2a912a97981bafc9e6b6e
recommended_public_verification,deu_validation/stage3b_outputs/stage3b38_preprint_manuscript_package_preprint_checklist.csv,/home/merwijas/deu_class/CLASS-DEU/deu_validation/stage3b_outputs/stage3b38_preprint_manuscript_package_preprint_checklist.csv,True,605,36f74ea42535db785161746712c9cde81440186e591ff722e1a3f8204fb9d3e5
recommended_public_verification,deu_validation/stage3b_outputs/stage3b38_preprint_manuscript_package_preprint_manuscript_draft.md,/home/merwijas/deu_class/CLASS-DEU/deu_validation/stage3b_outputs/stage3b38_preprint_manuscript_package_preprint_manuscript_draft.md,True,6103,20ac8a1fb42ae7e83ea72994c0545fdd4851a95fae581e331a1dab1486feb383
recommended_public_verification,deu_validation/stage3b_outputs/stage3b38_preprint_manuscript_package_reproducibility_statement.md,/home/merwijas/deu_class/CLASS-DEU/deu_validation/stage3b_outputs/stage3b38_preprint_manuscript_package_reproducibility_statement.md,True,650,16fd95f9e83bda1bf6ce717df859fc9848bcae5bb8bf18da6b5ceeb1681f7d8c
recommended_public_verification,deu_validation/stage3b_outputs/stage3b38_preprint_manuscript_package_results_tables.csv,/home/merwijas/deu_class/CLASS-DEU/deu_validation/stage3b_outputs/stage3b38_preprint_manuscript_package_results_tables.csv,True,2294,6c32edf071b767897160d18c9e1af4330f514074f68ae04504b2603abad764d0
recommended_public_verification,deu_validation/stage3b_outputs/stage3b38_preprint_manuscript_package_tri_anchor_context.csv,/home/merwijas/deu_class/CLASS-DEU/deu_validation/stage3b_outputs/stage3b38_preprint_manuscript_package_tri_anchor_context.csv,True,966,7e7b49a0c8b773825ef13d336e27afcdba7567e4205763123dea4fba2b3e6785
recommended_public_verification,deu_validation/stage3b_outputs/stage3b38_preprint_manuscript_package_tt_lite_scope.md,/home/merwijas/deu_class/CLASS-DEU/deu_validation/stage3b_outputs/stage3b38_preprint_manuscript_package_tt_lite_scope.md,True,407,64ee7f352d841d0b74d6a4cffee6188943f9016c438e7ee09d97b6a0d93ebc86
recommended_public_verification,deu_validation/stage3b_outputs/stage3b39_preprint_submission_readiness_gate.json,/home/merwijas/deu_class/CLASS-DEU/deu_validation/stage3b_outputs/stage3b39_preprint_submission_readiness_gate.json,True,20933,722dac0e72c8257cfdc38d2d117b6b9f774dabe11e70ab8a8287b757ee15e278
recommended_public_verification,deu_validation/stage3b_outputs/stage3b39_preprint_submission_readiness_gate_acceptance.md,/home/merwijas/deu_class/CLASS-DEU/deu_validation/stage3b_outputs/stage3b39_preprint_submission_readiness_gate_acceptance.md,True,6829,75863fd4ac920cc333fcfb36e3a5aee3c6226b07c406198e666c83f715df0a30
recommended_public_verification,deu_validation/stage3b_outputs/stage3b39_preprint_submission_readiness_gate_allowed_preprint_statements.csv,/home/merwijas/deu_class/CLASS-DEU/deu_validation/stage3b_outputs/stage3b39_preprint_submission_readiness_gate_allowed_preprint_statements.csv,True,1003,7d8c5566cb9ebe701e02b73d1837c7d359a2cd85992c3db997118c3f899e7789
recommended_public_verification,deu_validation/stage3b_outputs/stage3b39_preprint_submission_readiness_gate_author_release_checklist.md,/home/merwijas/deu_class/CLASS-DEU/deu_validation/stage3b_outputs/stage3b39_preprint_submission_readiness_gate_author_release_checklist.md,True,1629,698b79fe4a361b6c0fbb1e37267c44c7db9e4b0ad34c7cb2486bbe6734147e57
recommended_public_verification,deu_validation/stage3b_outputs/stage3b39_preprint_submission_readiness_gate_blocked_claims.csv,/home/merwijas/deu_class/CLASS-DEU/deu_validation/stage3b_outputs/stage3b39_preprint_submission_readiness_gate_blocked_claims.csv,True,802,a464327acaba11557ce0984dce38faf128910060e7c975d40465b19eea402f8e
recommended_public_verification,deu_validation/stage3b_outputs/stage3b39_preprint_submission_readiness_gate_claim_compliance_matrix.csv,/home/merwijas/deu_class/CLASS-DEU/deu_validation/stage3b_outputs/stage3b39_preprint_submission_readiness_gate_claim_compliance_matrix.csv,True,1953,c05bc90ff513b514738cc52363cc39b6598a2e8e525c9af1d3a570634170b1b9
recommended_public_verification,deu_validation/stage3b_outputs/stage3b39_preprint_submission_readiness_gate_evidence_lineage_for_submission.csv,/home/merwijas/deu_class/CLASS-DEU/deu_validation/stage3b_outputs/stage3b39_preprint_submission_readiness_gate_evidence_lineage_for_submission.csv,True,975,45637c8a3657be3fec43e7715e85e8d5baff39e0134071bf6ed703d269f29368
recommended_public_verification,deu_validation/stage3b_outputs/stage3b39_preprint_submission_readiness_gate_preprint_metadata.json,/home/merwijas/deu_class/CLASS-DEU/deu_validation/stage3b_outputs/stage3b39_preprint_submission_readiness_gate_preprint_metadata.json,True,837,f8c5936888cc284b03de17fd150fcfde99215cf5c9b709a27c28fe4525559e2b
recommended_public_verification,deu_validation/stage3b_outputs/stage3b39_preprint_submission_readiness_gate_sha256_manifest.csv,/home/merwijas/deu_class/CLASS-DEU/deu_validation/stage3b_outputs/stage3b39_preprint_submission_readiness_gate_sha256_manifest.csv,True,3563,51838aeeac367e3a08ed61ee05a46ba3d31b8979b228c6df59c2cb05a2ff018c
recommended_public_verification,deu_validation/stage3b_outputs/stage3b39_preprint_submission_readiness_gate_source_package_manifest.csv,/home/merwijas/deu_class/CLASS-DEU/deu_validation/stage3b_outputs/stage3b39_preprint_submission_readiness_gate_source_package_manifest.csv,True,3563,51838aeeac367e3a08ed61ee05a46ba3d31b8979b228c6df59c2cb05a2ff018c
recommended_public_verification,deu_validation/stage3b_outputs/stage3b39_preprint_submission_readiness_gate_source_package_manifest.json,/home/merwijas/deu_class/CLASS-DEU/deu_validation/stage3b_outputs/stage3b39_preprint_submission_readiness_gate_source_package_manifest.json,True,5303,3d876f69819d23a1e8421853922d2ceb6e5ce4620aa108b6b39a30a1df16d3a6
recommended_public_verification,deu_validation/stage3b_outputs/stage3b39_preprint_submission_readiness_gate_submission_checklist.csv,/home/merwijas/deu_class/CLASS-DEU/deu_validation/stage3b_outputs/stage3b39_preprint_submission_readiness_gate_submission_checklist.csv,True,1073,89e51c21f65f52684859653275194d8c5a87ab2f5b72cd9a0d2b5f079022cf30
recommended_public_verification,deu_validation/stage3b_outputs/stage3b39_preprint_submission_readiness_gate_submission_manifest.json,/home/merwijas/deu_class/CLASS-DEU/deu_validation/stage3b_outputs/stage3b39_preprint_submission_readiness_gate_submission_manifest.json,True,1410,ebf4cb165bb0946b26cbde02867c6a141be522fa9cef27378534d494e0bebb93
recommended_public_verification,deu_validation/stage3b_outputs/stage3b39_preprint_submission_readiness_gate_submission_readiness_report.md,/home/merwijas/deu_class/CLASS-DEU/deu_validation/stage3b_outputs/stage3b39_preprint_submission_readiness_gate_submission_readiness_report.md,True,4663,664659c072abe5469b16bbbb61ee4c337ef5e8f326527fc505c5c536b06806b4
recommended_public_verification,deu_validation/stage3b_outputs/stage3b39_preprint_submission_readiness_gate_tri_anchor_context.csv,/home/merwijas/deu_class/CLASS-DEU/deu_validation/stage3b_outputs/stage3b39_preprint_submission_readiness_gate_tri_anchor_context.csv,True,966,7e7b49a0c8b773825ef13d336e27afcdba7567e4205763123dea4fba2b3e6785
recommended_public_verification,deu_validation/stage3b_outputs/stage3b39_preprint_submission_readiness_gate_tt_lite_submission_scope.md,/home/merwijas/deu_class/CLASS-DEU/deu_validation/stage3b_outputs/stage3b39_preprint_submission_readiness_gate_tt_lite_submission_scope.md,True,344,b1217ebefccbf88f232ecc3d3d9d5851480771a5b6cfbd07501836b333e36997
recommended_public_verification,deu_validation/stage3b_outputs/stage3b35_replication_package_freeze_reviewer_dry_run.json,/home/merwijas/deu_class/CLASS-DEU/deu_validation/stage3b_outputs/stage3b35_replication_package_freeze_reviewer_dry_run.json,True,15043,0f050937ffa44ef26e7eafef22fddf395db2a5182ec4e83e22ed019d8dffc6d6
recommended_public_verification,deu_validation/stage3b_outputs/stage3b35_replication_package_freeze_reviewer_dry_run_acceptance.md,/home/merwijas/deu_class/CLASS-DEU/deu_validation/stage3b_outputs/stage3b35_replication_package_freeze_reviewer_dry_run_acceptance.md,True,6127,3f0be58b86f1a0e60b839ff783d2f8688c12e91b2f57b980cf3674d03b49e344
recommended_public_verification,deu_validation/stage3b_outputs/stage3b35_replication_package_freeze_reviewer_dry_run_allowed_internal_statements.csv,/home/merwijas/deu_class/CLASS-DEU/deu_validation/stage3b_outputs/stage3b35_replication_package_freeze_reviewer_dry_run_allowed_internal_statements.csv,True,1132,4db66d20ed9519ab6488d4756db1bdd23f56c22079ce17901e85b6b319b210d7
recommended_public_verification,deu_validation/stage3b_outputs/stage3b35_replication_package_freeze_reviewer_dry_run_blocked_publication_claims.csv,/home/merwijas/deu_class/CLASS-DEU/deu_validation/stage3b_outputs/stage3b35_replication_package_freeze_reviewer_dry_run_blocked_publication_claims.csv,True,828,7f2d543c1485f9d5b0577f96ff0314c2f8f351030a6c56e31fad4eaec9045f06
recommended_public_verification,deu_validation/stage3b_outputs/stage3b35_replication_package_freeze_reviewer_dry_run_external_reviewer_handoff.md,/home/merwijas/deu_class/CLASS-DEU/deu_validation/stage3b_outputs/stage3b35_replication_package_freeze_reviewer_dry_run_external_reviewer_handoff.md,True,1023,23c5c2fbc04fe9d7c3cfc49360fdfc27a95939332d9e4b6bdf01ed1bc7257f2a
recommended_public_verification,deu_validation/stage3b_outputs/stage3b35_replication_package_freeze_reviewer_dry_run_freeze_manifest.json,/home/merwijas/deu_class/CLASS-DEU/deu_validation/stage3b_outputs/stage3b35_replication_package_freeze_reviewer_dry_run_freeze_manifest.json,True,1790,2f7678354733c45c86533afd2d6b2813774e1163e7307f33113dab00e08c9683
recommended_public_verification,deu_validation/stage3b_outputs/stage3b35_replication_package_freeze_reviewer_dry_run_package_manifest.csv,/home/merwijas/deu_class/CLASS-DEU/deu_validation/stage3b_outputs/stage3b35_replication_package_freeze_reviewer_dry_run_package_manifest.csv,True,37484,e664def2c2dd3987b4612efa29042a5bcc08b5b065085258b0676063834a2907
recommended_public_verification,deu_validation/stage3b_outputs/stage3b35_replication_package_freeze_reviewer_dry_run_package_manifest.json,/home/merwijas/deu_class/CLASS-DEU/deu_validation/stage3b_outputs/stage3b35_replication_package_freeze_reviewer_dry_run_package_manifest.json,True,55650,74b897ec22210959465f4aecf3db7f1b2425edb3f00643e8957af9526600cf4a
recommended_public_verification,deu_validation/stage3b_outputs/stage3b35_replication_package_freeze_reviewer_dry_run_reviewer_dry_run.csv,/home/merwijas/deu_class/CLASS-DEU/deu_validation/stage3b_outputs/stage3b35_replication_package_freeze_reviewer_dry_run_reviewer_dry_run.csv,True,2171,65a2ad052c95a0ac9e58767b4b9b88ad8a9ccd97e8218d02c12fb326b1e79f6f
recommended_public_verification,deu_validation/stage3b_outputs/stage3b35_replication_package_freeze_reviewer_dry_run_reviewer_dry_run_report.md,/home/merwijas/deu_class/CLASS-DEU/deu_validation/stage3b_outputs/stage3b35_replication_package_freeze_reviewer_dry_run_reviewer_dry_run_report.md,True,789,3135714df77e776fcae5a6ad6d87ec6b6ac8ca5d1947b8da3b27da0df875551c
recommended_public_verification,deu_validation/stage3b_outputs/stage3b35_replication_package_freeze_reviewer_dry_run_sha256_manifest.csv,/home/merwijas/deu_class/CLASS-DEU/deu_validation/stage3b_outputs/stage3b35_replication_package_freeze_reviewer_dry_run_sha256_manifest.csv,True,34077,034cbdbfd494da3ad582876d49d7ebfe01b26137ad602a8c046f5b94062b8dff
recommended_public_verification,deu_validation/stage3b_outputs/stage3b35_replication_package_freeze_reviewer_dry_run_tri_anchor_context.csv,/home/merwijas/deu_class/CLASS-DEU/deu_validation/stage3b_outputs/stage3b35_replication_package_freeze_reviewer_dry_run_tri_anchor_context.csv,True,966,7e7b49a0c8b773825ef13d336e27afcdba7567e4205763123dea4fba2b3e6785
recommended_public_verification,deu_validation/stage3b_outputs/stage3b35_replication_package_freeze_reviewer_dry_run_tt_lite_publication_scope.md,/home/merwijas/deu_class/CLASS-DEU/deu_validation/stage3b_outputs/stage3b35_replication_package_freeze_reviewer_dry_run_tt_lite_publication_scope.md,True,411,02044c8131edbfa8ef4750685d6afe4e3ca2c2b1197fce9a89ff14811069d7c7
recommended_public_verification,deu_validation/stage3b_outputs/stage3b36_external_reviewer_handoff_result_gate.json,/home/merwijas/deu_class/CLASS-DEU/deu_validation/stage3b_outputs/stage3b36_external_reviewer_handoff_result_gate.json,True,8552,c10abc3d69277c05821513496193159272035488f4e9f042f1f25243cf486da0
recommended_public_verification,deu_validation/stage3b_outputs/stage3b36_external_reviewer_handoff_result_gate_acceptance.md,/home/merwijas/deu_class/CLASS-DEU/deu_validation/stage3b_outputs/stage3b36_external_reviewer_handoff_result_gate_acceptance.md,True,6375,b9e6434573e0c5de764ab3f965ce1d09cf9d660ae920360580f521e6a0a60d82
recommended_public_verification,deu_validation/stage3b_outputs/stage3b36_external_reviewer_handoff_result_gate_allowed_internal_statements.csv,/home/merwijas/deu_class/CLASS-DEU/deu_validation/stage3b_outputs/stage3b36_external_reviewer_handoff_result_gate_allowed_internal_statements.csv,True,705,c9f883bca29d649b90f467136d551ac21218f00dc0b15ac2be1471793616f754
recommended_public_verification,deu_validation/stage3b_outputs/stage3b36_external_reviewer_handoff_result_gate_blocked_publication_claims.csv,/home/merwijas/deu_class/CLASS-DEU/deu_validation/stage3b_outputs/stage3b36_external_reviewer_handoff_result_gate_blocked_publication_claims.csv,True,602,0d6cc05d648f7a310431f6ce786339690ebca9a7c31fea5535326e0be4d86e21
recommended_public_verification,deu_validation/stage3b_outputs/stage3b36_external_reviewer_handoff_result_gate_claim_matrix.csv,/home/merwijas/deu_class/CLASS-DEU/deu_validation/stage3b_outputs/stage3b36_external_reviewer_handoff_result_gate_claim_matrix.csv,True,757,3d4c6d707e6ecbdb36e5bed9f824d2000d8c77c65313102f4d3fa5e9213ac4e5
recommended_public_verification,deu_validation/stage3b_outputs/stage3b36_external_reviewer_handoff_result_gate_evidence_lineage_lock.csv,/home/merwijas/deu_class/CLASS-DEU/deu_validation/stage3b_outputs/stage3b36_external_reviewer_handoff_result_gate_evidence_lineage_lock.csv,True,702,a504178730b63c9d56ce00fb81e6ae9e618cb5b8c10156736394b4da8a853897
recommended_public_verification,deu_validation/stage3b_outputs/stage3b36_external_reviewer_handoff_result_gate_handoff_gate_report.md,/home/merwijas/deu_class/CLASS-DEU/deu_validation/stage3b_outputs/stage3b36_external_reviewer_handoff_result_gate_handoff_gate_report.md,True,1114,83ae69e81541a264a9e21e5b20e619f1691f7bcd9bcaad760cd76c064c0b8d12
recommended_public_verification,deu_validation/stage3b_outputs/stage3b36_external_reviewer_handoff_result_gate_handoff_manifest.json,/home/merwijas/deu_class/CLASS-DEU/deu_validation/stage3b_outputs/stage3b36_external_reviewer_handoff_result_gate_handoff_manifest.json,True,1736,468d62ed3fadd1a4c8ee423a201d0d262fa2f17fa725cf114e23dc891db63da5
recommended_public_verification,deu_validation/stage3b_outputs/stage3b36_external_reviewer_handoff_result_gate_package_integrity_audit.csv,/home/merwijas/deu_class/CLASS-DEU/deu_validation/stage3b_outputs/stage3b36_external_reviewer_handoff_result_gate_package_integrity_audit.csv,True,24605,9abc6d78bb9b3617dde000208c23137fd2c8c5dfba4debf6e855d1b5f0819d2f
recommended_public_verification,deu_validation/stage3b_outputs/stage3b36_external_reviewer_handoff_result_gate_reviewer_intake_requirements.csv,/home/merwijas/deu_class/CLASS-DEU/deu_validation/stage3b_outputs/stage3b36_external_reviewer_handoff_result_gate_reviewer_intake_requirements.csv,True,783,d523df07fc48b92e6e4d81bc545d7f9a20c1d772f5f8c71ccce2d14ba2f6676b
recommended_public_verification,deu_validation/stage3b_outputs/stage3b36_external_reviewer_handoff_result_gate_reviewer_result_template.md,/home/merwijas/deu_class/CLASS-DEU/deu_validation/stage3b_outputs/stage3b36_external_reviewer_handoff_result_gate_reviewer_result_template.md,True,1116,9636d63bd97490554e90ea78c9a6cfb205f1fab5722dadb95dc73cc26ad4a750
recommended_public_verification,deu_validation/stage3b_outputs/stage3b36_external_reviewer_handoff_result_gate_sha256_verification.csv,/home/merwijas/deu_class/CLASS-DEU/deu_validation/stage3b_outputs/stage3b36_external_reviewer_handoff_result_gate_sha256_verification.csv,True,31957,385e136e6908e0b60b444f37f709112522926ef8f32bd7f5e95074ad607669c8
recommended_public_verification,deu_validation/stage3b_outputs/stage3b36_external_reviewer_handoff_result_gate_tri_anchor_context.csv,/home/merwijas/deu_class/CLASS-DEU/deu_validation/stage3b_outputs/stage3b36_external_reviewer_handoff_result_gate_tri_anchor_context.csv,True,966,7e7b49a0c8b773825ef13d336e27afcdba7567e4205763123dea4fba2b3e6785
recommended_public_verification,deu_validation/stage3b_outputs/stage3b36_external_reviewer_handoff_result_gate_tt_lite_publication_scope.md,/home/merwijas/deu_class/CLASS-DEU/deu_validation/stage3b_outputs/stage3b36_external_reviewer_handoff_result_gate_tt_lite_publication_scope.md,True,363,5cd242eea0227706e808855a146d8fcdee566256354b58e3e0f089a19bd045ac
recommended_public_verification,deu_validation/stage3b_outputs/stage3b32_independent_evidence_result_gate_publication_lock.json,/home/merwijas/deu_class/CLASS-DEU/deu_validation/stage3b_outputs/stage3b32_independent_evidence_result_gate_publication_lock.json,True,22598,d3c373298f313bd44c5fdd36f3fc219a05a8ca3a4d67ea0bd5e5001b42cbae8f
recommended_public_verification,deu_validation/stage3b_outputs/stage3b32_independent_evidence_result_gate_publication_lock_acceptance.md,/home/merwijas/deu_class/CLASS-DEU/deu_validation/stage3b_outputs/stage3b32_independent_evidence_result_gate_publication_lock_acceptance.md,True,7585,b230a1f92b1381c7c22ba42154c757dda9c2d25d7739593fa38a3057578ea4ac
recommended_public_verification,deu_validation/stage3b_outputs/stage3b32_independent_evidence_result_gate_publication_lock_allowed_independent_validation_statements.csv,/home/merwijas/deu_class/CLASS-DEU/deu_validation/stage3b_outputs/stage3b32_independent_evidence_result_gate_publication_lock_allowed_independent_validation_statements.csv,True,907,ec5441dd5c9e56f5fd4027f14f891dfbf1cbdee54c72fbff405884fbde232bd1
recommended_public_verification,deu_validation/stage3b_outputs/stage3b32_independent_evidence_result_gate_publication_lock_blocked_claims.csv,/home/merwijas/deu_class/CLASS-DEU/deu_validation/stage3b_outputs/stage3b32_independent_evidence_result_gate_publication_lock_blocked_claims.csv,True,884,c65275c906003d8189fe78f86e0d419c576ad487e1c71192e01535522cf009d1
recommended_public_verification,deu_validation/stage3b_outputs/stage3b32_independent_evidence_result_gate_publication_lock_claim_matrix.csv,/home/merwijas/deu_class/CLASS-DEU/deu_validation/stage3b_outputs/stage3b32_independent_evidence_result_gate_publication_lock_claim_matrix.csv,True,1019,0962a781dfd024ce6524fd920b9875184038326d2b03e0df448c5d7a7f0a9b71
recommended_public_verification,deu_validation/stage3b_outputs/stage3b32_independent_evidence_result_gate_publication_lock_estimator_status_context.csv,/home/merwijas/deu_class/CLASS-DEU/deu_validation/stage3b_outputs/stage3b32_independent_evidence_result_gate_publication_lock_estimator_status_context.csv,True,399,0c73603144814cb3d3b093379d8626d5c406ecec4c76bbe9f7ba5918c58d7dd8
recommended_public_verification,deu_validation/stage3b_outputs/stage3b32_independent_evidence_result_gate_publication_lock_gate_manifest.json,/home/merwijas/deu_class/CLASS-DEU/deu_validation/stage3b_outputs/stage3b32_independent_evidence_result_gate_publication_lock_gate_manifest.json,True,2654,9aa138cea9f6464d9094b6632a9e7f6b12a09acab6330023de5252718daa069c
recommended_public_verification,deu_validation/stage3b_outputs/stage3b32_independent_evidence_result_gate_publication_lock_independent_consistency_audit.csv,/home/merwijas/deu_class/CLASS-DEU/deu_validation/stage3b_outputs/stage3b32_independent_evidence_result_gate_publication_lock_independent_consistency_audit.csv,True,1008,d66402bdf00a24993a4ccf64560a255f9e3b1a1241ed6c7aa22cf0e13ce430de
recommended_public_verification,deu_validation/stage3b_outputs/stage3b32_independent_evidence_result_gate_publication_lock_independent_evidence_summary.csv,/home/merwijas/deu_class/CLASS-DEU/deu_validation/stage3b_outputs/stage3b32_independent_evidence_result_gate_publication_lock_independent_evidence_summary.csv,True,742,665580d3c38ba548c0f17f19f6ccc24aecad32b8cbb2ca1930a1bafe56be7ca0
recommended_public_verification,deu_validation/stage3b_outputs/stage3b32_independent_evidence_result_gate_publication_lock_independent_sensitivity_audit.csv,/home/merwijas/deu_class/CLASS-DEU/deu_validation/stage3b_outputs/stage3b32_independent_evidence_result_gate_publication_lock_independent_sensitivity_audit.csv,True,1174,ef307cf782a5ecca24a7160523e3724811d528407b0856d8343337a9452c9312
recommended_public_verification,deu_validation/stage3b_outputs/stage3b32_independent_evidence_result_gate_publication_lock_lineage_agreement_audit.csv,/home/merwijas/deu_class/CLASS-DEU/deu_validation/stage3b_outputs/stage3b32_independent_evidence_result_gate_publication_lock_lineage_agreement_audit.csv,True,911,d94621db0907bc29165bc86f01fd6be53ba190354229611a56dd89ee2714bccf
recommended_public_verification,deu_validation/stage3b_outputs/stage3b32_independent_evidence_result_gate_publication_lock_required_next_steps.csv,/home/merwijas/deu_class/CLASS-DEU/deu_validation/stage3b_outputs/stage3b32_independent_evidence_result_gate_publication_lock_required_next_steps.csv,True,577,38be96503da1538f462ae8d9f70a45636a9ac87d3397b6ebdc8b87937a3c3d67
recommended_public_verification,deu_validation/stage3b_outputs/stage3b32_independent_evidence_result_gate_publication_lock_result_gate_report.md,/home/merwijas/deu_class/CLASS-DEU/deu_validation/stage3b_outputs/stage3b32_independent_evidence_result_gate_publication_lock_result_gate_report.md,True,1480,711797fbe7ab5a2454747d2084845e9ebf4a5d98f568839aae638eede327140b
recommended_public_verification,deu_validation/stage3b_outputs/stage3b32_independent_evidence_result_gate_publication_lock_tri_anchor_context.csv,/home/merwijas/deu_class/CLASS-DEU/deu_validation/stage3b_outputs/stage3b32_independent_evidence_result_gate_publication_lock_tri_anchor_context.csv,True,966,7e7b49a0c8b773825ef13d336e27afcdba7567e4205763123dea4fba2b3e6785
recommended_public_verification,deu_validation/stage3b_outputs/stage3b32_independent_evidence_result_gate_publication_lock_tt_lite_scope.md,/home/merwijas/deu_class/CLASS-DEU/deu_validation/stage3b_outputs/stage3b32_independent_evidence_result_gate_publication_lock_tt_lite_scope.md,True,381,c9444dba03637e6bada578a6167374af8d35f5a0772b13a8bf5b41ac6af20223
recommended_public_verification,deu_validation/stage3b_outputs/stage3b33_external_evidence_publication_claim_lock_addendum.json,/home/merwijas/deu_class/CLASS-DEU/deu_validation/stage3b_outputs/stage3b33_external_evidence_publication_claim_lock_addendum.json,True,16374,b6937e493f1cc178cf872b9dc2e45f5caa9b30c6d3e2be49070499f2d0db6bee
recommended_public_verification,deu_validation/stage3b_outputs/stage3b33_external_evidence_publication_claim_lock_addendum_acceptance.md,/home/merwijas/deu_class/CLASS-DEU/deu_validation/stage3b_outputs/stage3b33_external_evidence_publication_claim_lock_addendum_acceptance.md,True,6262,2946a3d7a16964c25b85c00610556ef84ccea5680c3c98ca1d267be6dd43e9fd
recommended_public_verification,deu_validation/stage3b_outputs/stage3b33_external_evidence_publication_claim_lock_addendum_allowed_internal_evidence_statements.csv,/home/merwijas/deu_class/CLASS-DEU/deu_validation/stage3b_outputs/stage3b33_external_evidence_publication_claim_lock_addendum_allowed_internal_evidence_statements.csv,True,1065,fba6645f48fd3e97f0ac7958b9dc459879ebfbaf07961241fc1e41bf410cec4d
recommended_public_verification,deu_validation/stage3b_outputs/stage3b33_external_evidence_publication_claim_lock_addendum_blocked_external_publication_claims.csv,/home/merwijas/deu_class/CLASS-DEU/deu_validation/stage3b_outputs/stage3b33_external_evidence_publication_claim_lock_addendum_blocked_external_publication_claims.csv,True,1412,e557c8399e0bf75600c979df4ce5cf8fcac3e486ca46e37be3bf5c18dc90d3ce
recommended_public_verification,deu_validation/stage3b_outputs/stage3b33_external_evidence_publication_claim_lock_addendum_claim_matrix.csv,/home/merwijas/deu_class/CLASS-DEU/deu_validation/stage3b_outputs/stage3b33_external_evidence_publication_claim_lock_addendum_claim_matrix.csv,True,732,284683bb1c7bee99eb2d60737cf09ca4d6d0a24b46eb4ee6e02debff12b56cef
recommended_public_verification,deu_validation/stage3b_outputs/stage3b33_external_evidence_publication_claim_lock_addendum_evidence_lineage.csv,/home/merwijas/deu_class/CLASS-DEU/deu_validation/stage3b_outputs/stage3b33_external_evidence_publication_claim_lock_addendum_evidence_lineage.csv,True,996,dae7d086ce58b1ad03aa685759f3fa75c898c836838cbdc11bdccf637e8ea5cd
recommended_public_verification,deu_validation/stage3b_outputs/stage3b33_external_evidence_publication_claim_lock_addendum_manuscript_guardrail_addendum.md,/home/merwijas/deu_class/CLASS-DEU/deu_validation/stage3b_outputs/stage3b33_external_evidence_publication_claim_lock_addendum_manuscript_guardrail_addendum.md,True,1283,8523e886075e798ec1659d69b5cf30a2e348ad4308939467167b3b34b2a4cac5
recommended_public_verification,deu_validation/stage3b_outputs/stage3b33_external_evidence_publication_claim_lock_addendum_publication_claim_lock.md,/home/merwijas/deu_class/CLASS-DEU/deu_validation/stage3b_outputs/stage3b33_external_evidence_publication_claim_lock_addendum_publication_claim_lock.md,True,3845,1696647c50236ac53467e86a297f1acbb495cd186177dde2e559b3bb28a920d7
recommended_public_verification,deu_validation/stage3b_outputs/stage3b33_external_evidence_publication_claim_lock_addendum_required_independent_reviewer_checks.csv,/home/merwijas/deu_class/CLASS-DEU/deu_validation/stage3b_outputs/stage3b33_external_evidence_publication_claim_lock_addendum_required_independent_reviewer_checks.csv,True,657,0a4525a99631fb1b39a0e7ae803c25d5497bce5a05b221b2c1a0c714c484a5d8
recommended_public_verification,deu_validation/stage3b_outputs/stage3b33_external_evidence_publication_claim_lock_addendum_scope_manifest.json,/home/merwijas/deu_class/CLASS-DEU/deu_validation/stage3b_outputs/stage3b33_external_evidence_publication_claim_lock_addendum_scope_manifest.json,True,1985,d25ec6281b1af7beadd9732411474b99951fb1ed239592c4c053ae9ec9e0156f
recommended_public_verification,deu_validation/stage3b_outputs/stage3b33_external_evidence_publication_claim_lock_addendum_tri_anchor_context.csv,/home/merwijas/deu_class/CLASS-DEU/deu_validation/stage3b_outputs/stage3b33_external_evidence_publication_claim_lock_addendum_tri_anchor_context.csv,True,966,7e7b49a0c8b773825ef13d336e27afcdba7567e4205763123dea4fba2b3e6785
recommended_public_verification,deu_validation/stage3b_outputs/stage3b33_external_evidence_publication_claim_lock_addendum_tt_lite_publication_scope.md,/home/merwijas/deu_class/CLASS-DEU/deu_validation/stage3b_outputs/stage3b33_external_evidence_publication_claim_lock_addendum_tt_lite_publication_scope.md,True,458,6d1e7163a73f3ce9345ab50c82c8447312b16fa3bcbf57664ddbcc9ed5b8d5e5
recommended_public_verification,deu_validation/stage3b_outputs/stage3b20_final_scoped_internal_report.json,/home/merwijas/deu_class/CLASS-DEU/deu_validation/stage3b_outputs/stage3b20_final_scoped_internal_report.json,True,28292,c13417bb540ff713e8940e7eca93cca5dcc57090ee19e5913b0ea725b21c3bd9
recommended_public_verification,deu_validation/stage3b_outputs/stage3b20_final_scoped_internal_report_acceptance.md,/home/merwijas/deu_class/CLASS-DEU/deu_validation/stage3b_outputs/stage3b20_final_scoped_internal_report_acceptance.md,True,5915,153d10b0b135e14185d8855bf8207c1375e9e23be2ad85c999c91e39d4ad476f
recommended_public_verification,deu_validation/stage3b_outputs/stage3b20_final_scoped_internal_report_allowed_claims.csv,/home/merwijas/deu_class/CLASS-DEU/deu_validation/stage3b_outputs/stage3b20_final_scoped_internal_report_allowed_claims.csv,True,1978,b86440389e97e3636a935bf64ce857787a91e4df8838a16252db20b4b3d80b76
recommended_public_verification,deu_validation/stage3b_outputs/stage3b20_final_scoped_internal_report_artifact_index.csv,/home/merwijas/deu_class/CLASS-DEU/deu_validation/stage3b_outputs/stage3b20_final_scoped_internal_report_artifact_index.csv,True,3228,3e211210b4e421ac77d5328e433491bdda1aa11847f11eaae516e689026f5ebf
recommended_public_verification,deu_validation/stage3b_outputs/stage3b20_final_scoped_internal_report_blocked_claims.csv,/home/merwijas/deu_class/CLASS-DEU/deu_validation/stage3b_outputs/stage3b20_final_scoped_internal_report_blocked_claims.csv,True,1121,0e08a43e2aa8ef1cda8521ada9e067ba0bf7d1eff2637dfb5f3a8a749cdf020c
recommended_public_verification,deu_validation/stage3b_outputs/stage3b20_final_scoped_internal_report_claim_lock.md,/home/merwijas/deu_class/CLASS-DEU/deu_validation/stage3b_outputs/stage3b20_final_scoped_internal_report_claim_lock.md,True,2783,d228df9078cfc07894a4f081f61a14ee7e1dbfacc85ffca3e0f34c42e8d884e8
recommended_public_verification,deu_validation/stage3b_outputs/stage3b20_final_scoped_internal_report_evidence_model_selection_design.md,/home/merwijas/deu_class/CLASS-DEU/deu_validation/stage3b_outputs/stage3b20_final_scoped_internal_report_evidence_model_selection_design.md,True,1132,8a3e64707d4fbd2a39f64bb16909e3c9a178c381854e081b749f8fa7fa63f56b
recommended_public_verification,deu_validation/stage3b_outputs/stage3b20_final_scoped_internal_report_executive_summary.md,/home/merwijas/deu_class/CLASS-DEU/deu_validation/stage3b_outputs/stage3b20_final_scoped_internal_report_executive_summary.md,True,1058,cdf29ca743e883105801dba77b97d44e153d9b0c5f5841228346275ca1950f74
recommended_public_verification,deu_validation/stage3b_outputs/stage3b20_final_scoped_internal_report_final_scoped_report.md,/home/merwijas/deu_class/CLASS-DEU/deu_validation/stage3b_outputs/stage3b20_final_scoped_internal_report_final_scoped_report.md,True,2829,a7de0bf4296b7efbfeaebc9f73e351dd3df0bf78aeaa42346c1db9b848600cda
recommended_public_verification,deu_validation/stage3b_outputs/stage3b20_final_scoped_internal_report_manifest.json,/home/merwijas/deu_class/CLASS-DEU/deu_validation/stage3b_outputs/stage3b20_final_scoped_internal_report_manifest.json,True,1654,83d59152e45cbb96b702212b949742f5fd0d8dd062906f331f852b3eaae984a8
recommended_public_verification,deu_validation/stage3b_outputs/stage3b20_final_scoped_internal_report_native_parameter_summary.csv,/home/merwijas/deu_class/CLASS-DEU/deu_validation/stage3b_outputs/stage3b20_final_scoped_internal_report_native_parameter_summary.csv,True,594,6a8868d91c3b380aa55c5962d02245b03e90be9f080d56544059e453b70aece6
recommended_public_verification,deu_validation/stage3b_outputs/stage3b20_final_scoped_internal_report_parameter_comparison.csv,/home/merwijas/deu_class/CLASS-DEU/deu_validation/stage3b_outputs/stage3b20_final_scoped_internal_report_parameter_comparison.csv,True,1344,44c679d440a0c4169b5a6de0cb042db50093499dd9cf1c12efbb526f027c027a
recommended_public_verification,deu_validation/stage3b_outputs/stage3b20_final_scoped_internal_report_posterior_parameter_summary.csv,/home/merwijas/deu_class/CLASS-DEU/deu_validation/stage3b_outputs/stage3b20_final_scoped_internal_report_posterior_parameter_summary.csv,True,1274,fb44b038afb07172ea557baccc92edca8f1035c3f4aa8b156a81c648aee3a553
recommended_public_verification,deu_validation/stage3b_outputs/stage3b20_final_scoped_internal_report_stage_timeline.csv,/home/merwijas/deu_class/CLASS-DEU/deu_validation/stage3b_outputs/stage3b20_final_scoped_internal_report_stage_timeline.csv,True,819,f4a4713a123144545c6fb56a22bfa186a57f720b9bda94705946dfdb40a4e6ff
recommended_public_verification,deu_validation/stage3b_outputs/stage3b20_final_scoped_internal_report_tri_anchor_context.csv,/home/merwijas/deu_class/CLASS-DEU/deu_validation/stage3b_outputs/stage3b20_final_scoped_internal_report_tri_anchor_context.csv,True,966,7e7b49a0c8b773825ef13d336e27afcdba7567e4205763123dea4fba2b3e6785
recommended_public_verification,deu_validation/stage3b_outputs/stage3b20_final_scoped_internal_report_tt_lite_scope.md,/home/merwijas/deu_class/CLASS-DEU/deu_validation/stage3b_outputs/stage3b20_final_scoped_internal_report_tt_lite_scope.md,True,393,7c773c36e2080fe0b2052abe828a8fcdfc810caa30b90a88ae98b3261f8f7984
recommended_public_verification,deu_validation/stage3b_outputs/stage3b19_matched_deu_native_comparison_claim_lock.json,/home/merwijas/deu_class/CLASS-DEU/deu_validation/stage3b_outputs/stage3b19_matched_deu_native_comparison_claim_lock.json,True,23030,0c19cabfd3e56eaa3b52a9158292c4b255c550f9599c1ebec089fbb63105b49c
recommended_public_verification,deu_validation/stage3b_outputs/stage3b19_matched_deu_native_comparison_claim_lock_acceptance.md,/home/merwijas/deu_class/CLASS-DEU/deu_validation/stage3b_outputs/stage3b19_matched_deu_native_comparison_claim_lock_acceptance.md,True,6722,42476589cbd8fcbfac0177668c07ffc1961bca4a72ede9b6ffc72d94b1160768
recommended_public_verification,deu_validation/stage3b_outputs/stage3b19_matched_deu_native_comparison_claim_lock_allowed_scoped_claims.csv,/home/merwijas/deu_class/CLASS-DEU/deu_validation/stage3b_outputs/stage3b19_matched_deu_native_comparison_claim_lock_allowed_scoped_claims.csv,True,1053,15e36155909b15ad80804445cbcecbb4b825d2f0f7227a7960093043acb8f8fd
recommended_public_verification,deu_validation/stage3b_outputs/stage3b19_matched_deu_native_comparison_claim_lock_blocked_claims.csv,/home/merwijas/deu_class/CLASS-DEU/deu_validation/stage3b_outputs/stage3b19_matched_deu_native_comparison_claim_lock_blocked_claims.csv,True,723,bb96b25f480d03ceec066b9bddcf2acd054b9fa56e23534a290b2193254c3828
recommended_public_verification,deu_validation/stage3b_outputs/stage3b19_matched_deu_native_comparison_claim_lock_claim_lock.md,/home/merwijas/deu_class/CLASS-DEU/deu_validation/stage3b_outputs/stage3b19_matched_deu_native_comparison_claim_lock_claim_lock.md,True,2210,f61bee1d110aee96b22c4814627d8c43d4efe2be4d87a932e0d08db9acad0187
recommended_public_verification,deu_validation/stage3b_outputs/stage3b19_matched_deu_native_comparison_claim_lock_claim_matrix.csv,/home/merwijas/deu_class/CLASS-DEU/deu_validation/stage3b_outputs/stage3b19_matched_deu_native_comparison_claim_lock_claim_matrix.csv,True,1764,d331e79116874c916958894ea493a86cfbe890bdcca5b36d45b5758173139968
recommended_public_verification,deu_validation/stage3b_outputs/stage3b19_matched_deu_native_comparison_claim_lock_comparison_manifest.json,/home/merwijas/deu_class/CLASS-DEU/deu_validation/stage3b_outputs/stage3b19_matched_deu_native_comparison_claim_lock_comparison_manifest.json,True,1710,462b802cb1053b18f3dcf3b98e8f69c11b0b2d4451bea6ad1ded4a129a1c917a
recommended_public_verification,deu_validation/stage3b_outputs/stage3b19_matched_deu_native_comparison_claim_lock_comparison_report.md,/home/merwijas/deu_class/CLASS-DEU/deu_validation/stage3b_outputs/stage3b19_matched_deu_native_comparison_claim_lock_comparison_report.md,True,1760,489e2fbca91c34560e049ca03cb45cc5a4b8d52a40e4ef6873d9a0d480f26ee3
recommended_public_verification,deu_validation/stage3b_outputs/stage3b19_matched_deu_native_comparison_claim_lock_deu_native_parameter_comparison.csv,/home/merwijas/deu_class/CLASS-DEU/deu_validation/stage3b_outputs/stage3b19_matched_deu_native_comparison_claim_lock_deu_native_parameter_comparison.csv,True,1344,6e3a4b56b63aa906a2b940c4b5517ba0cd1bc6e9e3e46d8551e85dcc5d148a76
recommended_public_verification,deu_validation/stage3b_outputs/stage3b19_matched_deu_native_comparison_claim_lock_deu_parameter_recap.csv,/home/merwijas/deu_class/CLASS-DEU/deu_validation/stage3b_outputs/stage3b19_matched_deu_native_comparison_claim_lock_deu_parameter_recap.csv,True,1274,fb44b038afb07172ea557baccc92edca8f1035c3f4aa8b156a81c648aee3a553
recommended_public_verification,deu_validation/stage3b_outputs/stage3b19_matched_deu_native_comparison_claim_lock_native_chain_summary.csv,/home/merwijas/deu_class/CLASS-DEU/deu_validation/stage3b_outputs/stage3b19_matched_deu_native_comparison_claim_lock_native_chain_summary.csv,True,433,1de627c42d33acecfcff3106d9238cb73bee102e5bccdeef4b070831425a487c
recommended_public_verification,deu_validation/stage3b_outputs/stage3b19_matched_deu_native_comparison_claim_lock_native_parameter_summary.csv,/home/merwijas/deu_class/CLASS-DEU/deu_validation/stage3b_outputs/stage3b19_matched_deu_native_comparison_claim_lock_native_parameter_summary.csv,True,594,ad8106c9b37130022248c9c739a7f1dcc7d6eb8860875127c89e88a976fbaecc
recommended_public_verification,deu_validation/stage3b_outputs/stage3b19_matched_deu_native_comparison_claim_lock_reference_loglike_context.csv,/home/merwijas/deu_class/CLASS-DEU/deu_validation/stage3b_outputs/stage3b19_matched_deu_native_comparison_claim_lock_reference_loglike_context.csv,True,742,64d4431dddd9bfe088921f2a2ef635ce5a73bcae93914645b541bf38c5b58b6d
recommended_public_verification,deu_validation/stage3b_outputs/stage3b19_matched_deu_native_comparison_claim_lock_required_next_steps.csv,/home/merwijas/deu_class/CLASS-DEU/deu_validation/stage3b_outputs/stage3b19_matched_deu_native_comparison_claim_lock_required_next_steps.csv,True,527,5fbf666c1b702723fbadd628b2945cb2cfd7a894e633d59f286646ceda97a5b9
recommended_public_verification,deu_validation/stage3b_outputs/stage3b19_matched_deu_native_comparison_claim_lock_tri_anchor_context.csv,/home/merwijas/deu_class/CLASS-DEU/deu_validation/stage3b_outputs/stage3b19_matched_deu_native_comparison_claim_lock_tri_anchor_context.csv,True,966,7e7b49a0c8b773825ef13d336e27afcdba7567e4205763123dea4fba2b3e6785
recommended_public_verification,deu_validation/stage3b_outputs/stage3b19_matched_deu_native_comparison_claim_lock_tt_lite_scope.md,/home/merwijas/deu_class/CLASS-DEU/deu_validation/stage3b_outputs/stage3b19_matched_deu_native_comparison_claim_lock_tt_lite_scope.md,True,321,fe2f8c6d9f78d32a2058a59d8aa9f490194b2ff60b93ec10036e5365fc8b010d
recommended_public_verification,deu_validation/stage3b_outputs/stage3b18_additional_native_baseline_chains_readiness.json,/home/merwijas/deu_class/CLASS-DEU/deu_validation/stage3b_outputs/stage3b18_additional_native_baseline_chains_readiness.json,True,40364,72650f3f81532d9352961dc1f991164ca4928a689ca68d3cf3ea0f6a8ed61065
recommended_public_verification,deu_validation/stage3b_outputs/stage3b18_additional_native_baseline_chains_readiness_acceptance.md,/home/merwijas/deu_class/CLASS-DEU/deu_validation/stage3b_outputs/stage3b18_additional_native_baseline_chains_readiness_acceptance.md,True,10362,af422e805d7f8bbba955f89940e3f4c0f93ea9626958d770aaf34e7fb3169ce5
recommended_public_verification,deu_validation/stage3b_outputs/stage3b18_additional_native_baseline_chains_readiness_additional_sampler.yaml,/home/merwijas/deu_class/CLASS-DEU/deu_validation/stage3b_outputs/stage3b18_additional_native_baseline_chains_readiness_additional_sampler.yaml,True,975,3a687446759449ce013bb28e87a0f63120ca4c609a55baaa5af640a9d831e5c6
recommended_public_verification,deu_validation/stage3b_outputs/stage3b18_additional_native_baseline_chains_readiness_blocked_claims.csv,/home/merwijas/deu_class/CLASS-DEU/deu_validation/stage3b_outputs/stage3b18_additional_native_baseline_chains_readiness_blocked_claims.csv,True,546,99b3a36cdf88e7874bdef0d92756577addb367406ceed8769e268d5564543267
recommended_public_verification,deu_validation/stage3b_outputs/stage3b18_additional_native_baseline_chains_readiness_matched_comparison_scope.md,/home/merwijas/deu_class/CLASS-DEU/deu_validation/stage3b_outputs/stage3b18_additional_native_baseline_chains_readiness_matched_comparison_scope.md,True,920,322c9b944b52af0b61980bafba3b380b1bf05f1c8fb4a9f1faeabf668d5998a4
recommended_public_verification,deu_validation/stage3b_outputs/stage3b18_additional_native_baseline_chains_readiness_native_autocorr_ess.csv,/home/merwijas/deu_class/CLASS-DEU/deu_validation/stage3b_outputs/stage3b18_additional_native_baseline_chains_readiness_native_autocorr_ess.csv,True,251,b81270164fc5f050ed9e30e66e1dac6e10b987b2cb5faf5575b9075101ee7b6d
recommended_public_verification,deu_validation/stage3b_outputs/stage3b18_additional_native_baseline_chains_readiness_native_autocorr_ess.json,/home/merwijas/deu_class/CLASS-DEU/deu_validation/stage3b_outputs/stage3b18_additional_native_baseline_chains_readiness_native_autocorr_ess.json,True,855,2239470f3220d244ae39b5fd1646b997fa7e09f8cfe77303ab6f093300684a86
recommended_public_verification,deu_validation/stage3b_outputs/stage3b18_additional_native_baseline_chains_readiness_native_chain_audit.json,/home/merwijas/deu_class/CLASS-DEU/deu_validation/stage3b_outputs/stage3b18_additional_native_baseline_chains_readiness_native_chain_audit.json,True,5398,cd4c65ae6e60c75c3af7791966eb6830a0717d1c5ba000bdea52e6fca4431e9a
recommended_public_verification,deu_validation/stage3b_outputs/stage3b18_additional_native_baseline_chains_readiness_native_chain_columns.csv,/home/merwijas/deu_class/CLASS-DEU/deu_validation/stage3b_outputs/stage3b18_additional_native_baseline_chains_readiness_native_chain_columns.csv,True,3689,c4e007b6d6deb36d080f23f28221e9bc72d261003d10d5a4ce48951759f3850c
recommended_public_verification,deu_validation/stage3b_outputs/stage3b18_additional_native_baseline_chains_readiness_native_config_audit.json,/home/merwijas/deu_class/CLASS-DEU/deu_validation/stage3b_outputs/stage3b18_additional_native_baseline_chains_readiness_native_config_audit.json,True,1475,27063daa94ac4aa0bf7de990819474fb16eafb742b9fa341ca7aa85f4db5ec44
recommended_public_verification,deu_validation/stage3b_outputs/stage3b18_additional_native_baseline_chains_readiness_native_deu_context.csv,/home/merwijas/deu_class/CLASS-DEU/deu_validation/stage3b_outputs/stage3b18_additional_native_baseline_chains_readiness_native_deu_context.csv,True,2080,8dfa36c0cb84d6ff24505e9b6af044711d11457f147ee05070738b654611fa9c
recommended_public_verification,deu_validation/stage3b_outputs/stage3b18_additional_native_baseline_chains_readiness_native_reference_comparison.csv,/home/merwijas/deu_class/CLASS-DEU/deu_validation/stage3b_outputs/stage3b18_additional_native_baseline_chains_readiness_native_reference_comparison.csv,True,2530,2c9d88e3383b744c9e80a3bde79cddea99d9608eeeb783e6869076ac401a3cda
recommended_public_verification,deu_validation/stage3b_outputs/stage3b18_additional_native_baseline_chains_readiness_native_reference_eval.json,/home/merwijas/deu_class/CLASS-DEU/deu_validation/stage3b_outputs/stage3b18_additional_native_baseline_chains_readiness_native_reference_eval.json,True,1003,f1479fbc4d12111a4c425645817790dd1c8ef0e3f33c17b27e6cd414f6188854
recommended_public_verification,deu_validation/stage3b_outputs/stage3b18_additional_native_baseline_chains_readiness_native_sample_stats.csv,/home/merwijas/deu_class/CLASS-DEU/deu_validation/stage3b_outputs/stage3b18_additional_native_baseline_chains_readiness_native_sample_stats.csv,True,400,b4ed13cb059f5db75b2a23d07a416824a2296600196e5037406806ded1849763
recommended_public_verification,deu_validation/stage3b_outputs/stage3b18_additional_native_baseline_chains_readiness_native_sample_stats.json,/home/merwijas/deu_class/CLASS-DEU/deu_validation/stage3b_outputs/stage3b18_additional_native_baseline_chains_readiness_native_sample_stats.json,True,1553,fcd4388d6d259bd35d427f0bcce460dfc298fde9a2d8f92a43332b39eb59db90
recommended_public_verification,deu_validation/stage3b_outputs/stage3b18_additional_native_baseline_chains_readiness_native_segment_split_diagnostics.csv,/home/merwijas/deu_class/CLASS-DEU/deu_validation/stage3b_outputs/stage3b18_additional_native_baseline_chains_readiness_native_segment_split_diagnostics.csv,True,1983,5715ac129bf20e1a4a62c0e47a6bec81ef19aca7d31ddaad90b19b221dc78be7
recommended_public_verification,deu_validation/stage3b_outputs/stage3b18_additional_native_baseline_chains_readiness_native_segment_split_diagnostics.json,/home/merwijas/deu_class/CLASS-DEU/deu_validation/stage3b_outputs/stage3b18_additional_native_baseline_chains_readiness_native_segment_split_diagnostics.json,True,5241,97a23f44aa2737df33e5b90cdfcc2a7b3f5240a4ddb18d1fbc6823bd88507e3b
recommended_public_verification,deu_validation/stage3b_outputs/stage3b18_additional_native_baseline_chains_readiness_native_tail_diagnostics.csv,/home/merwijas/deu_class/CLASS-DEU/deu_validation/stage3b_outputs/stage3b18_additional_native_baseline_chains_readiness_native_tail_diagnostics.csv,True,437,ede44686a27295e5266810f5de91d6e5ca59c49847dae0769d5082757b5bf338
recommended_public_verification,deu_validation/stage3b_outputs/stage3b18_additional_native_baseline_chains_readiness_native_tail_diagnostics.json,/home/merwijas/deu_class/CLASS-DEU/deu_validation/stage3b_outputs/stage3b18_additional_native_baseline_chains_readiness_native_tail_diagnostics.json,True,1283,661fb295d7b415ee5c3d4cb363070ccd31bc62b7b40b6c022e38b6db16de6b7a
recommended_public_verification,deu_validation/stage3b_outputs/stage3b18_additional_native_baseline_chains_readiness_readiness_manifest.json,/home/merwijas/deu_class/CLASS-DEU/deu_validation/stage3b_outputs/stage3b18_additional_native_baseline_chains_readiness_readiness_manifest.json,True,2551,eeb477aa8d50f29a5355c0544d28ed7460aead82ea43f4d77d311a7dd76db1ea
recommended_public_verification,deu_validation/stage3b_outputs/stage3b18_additional_native_baseline_chains_readiness_sampler_runs.json,/home/merwijas/deu_class/CLASS-DEU/deu_validation/stage3b_outputs/stage3b18_additional_native_baseline_chains_readiness_sampler_runs.json,True,308,f5a86222c849c5d9204c0815494d9250839a5c341d0bef4fc39bcda3ca3b8042
recommended_public_verification,deu_validation/stage3b_outputs/stage3b18_additional_native_baseline_chains_readiness_tri_anchor_context.csv,/home/merwijas/deu_class/CLASS-DEU/deu_validation/stage3b_outputs/stage3b18_additional_native_baseline_chains_readiness_tri_anchor_context.csv,True,966,7e7b49a0c8b773825ef13d336e27afcdba7567e4205763123dea4fba2b3e6785
recommended_public_verification,deu_validation/stage3b_outputs/stage3b9_additional_production_chains_readiness.json,/home/merwijas/deu_class/CLASS-DEU/deu_validation/stage3b_outputs/stage3b9_additional_production_chains_readiness.json,True,43688,61f3149a90d2e87fa02bf2ba1f8473ed8aef50c5f82f1b58a390e8d0bad12c34
recommended_public_verification,deu_validation/stage3b_outputs/stage3b9_additional_production_chains_readiness_acceptance.md,/home/merwijas/deu_class/CLASS-DEU/deu_validation/stage3b_outputs/stage3b9_additional_production_chains_readiness_acceptance.md,True,8992,4a065089acb6cb0d4f8c903123e4ee30e07054abaf067653afa1614d948d049d
recommended_public_verification,deu_validation/stage3b_outputs/stage3b9_additional_production_chains_readiness_additional_sampler.yaml,/home/merwijas/deu_class/CLASS-DEU/deu_validation/stage3b_outputs/stage3b9_additional_production_chains_readiness_additional_sampler.yaml,True,1604,8afee4c0a68935b39b9c1f967786453ec189cca778818c2f6414d02156390b70
recommended_public_verification,deu_validation/stage3b_outputs/stage3b9_additional_production_chains_readiness_autocorr_ess.csv,/home/merwijas/deu_class/CLASS-DEU/deu_validation/stage3b_outputs/stage3b9_additional_production_chains_readiness_autocorr_ess.csv,True,407,85554723897860301f5e85988ae032f9dfe4d962068aa75777bc1b9b1e27e6df
recommended_public_verification,deu_validation/stage3b_outputs/stage3b9_additional_production_chains_readiness_autocorr_ess.json,/home/merwijas/deu_class/CLASS-DEU/deu_validation/stage3b_outputs/stage3b9_additional_production_chains_readiness_autocorr_ess.json,True,1293,00d4fe05b4f52a7ce49382552b2c877f8032b20b73ec449ea504bbea485f8ba5
recommended_public_verification,deu_validation/stage3b_outputs/stage3b9_additional_production_chains_readiness_chain_audit.json,/home/merwijas/deu_class/CLASS-DEU/deu_validation/stage3b_outputs/stage3b9_additional_production_chains_readiness_chain_audit.json,True,6068,c6ffd5b95623d2d16fa1fb3bf5c268814a415ae745b269338cd52e08f43bdbfa
recommended_public_verification,deu_validation/stage3b_outputs/stage3b9_additional_production_chains_readiness_chain_columns.csv,/home/merwijas/deu_class/CLASS-DEU/deu_validation/stage3b_outputs/stage3b9_additional_production_chains_readiness_chain_columns.csv,True,4291,7c76a81611b8c9f855b6cc1dc5bf72a1acc9e56a3593c5e2491835d518d981b8
recommended_public_verification,deu_validation/stage3b_outputs/stage3b9_additional_production_chains_readiness_production_ref_eval.json,/home/merwijas/deu_class/CLASS-DEU/deu_validation/stage3b_outputs/stage3b9_additional_production_chains_readiness_production_ref_eval.json,True,1061,b4b2830cc6e4fad25728ba9a26e02a831a8f2dffe60a18645a911770fb18aa5b
recommended_public_verification,deu_validation/stage3b_outputs/stage3b9_additional_production_chains_readiness_readiness_manifest.json,/home/merwijas/deu_class/CLASS-DEU/deu_validation/stage3b_outputs/stage3b9_additional_production_chains_readiness_readiness_manifest.json,True,2020,14bc38bd3ad3b9e3c3d3cbeb98302e20872c9bc2df5e48a670793641e4c758c9
recommended_public_verification,deu_validation/stage3b_outputs/stage3b9_additional_production_chains_readiness_reference_comparison.csv,/home/merwijas/deu_class/CLASS-DEU/deu_validation/stage3b_outputs/stage3b9_additional_production_chains_readiness_reference_comparison.csv,True,3040,f81050f3c3d92f6888a7b290cf141157e4dc3e1597ab2498c5d10acae2ec1504
recommended_public_verification,deu_validation/stage3b_outputs/stage3b9_additional_production_chains_readiness_sample_stats.csv,/home/merwijas/deu_class/CLASS-DEU/deu_validation/stage3b_outputs/stage3b9_additional_production_chains_readiness_sample_stats.csv,True,640,6c575790467a9c23129cb735278e6d0188baaabe64c254c65c61e01e54233309
recommended_public_verification,deu_validation/stage3b_outputs/stage3b9_additional_production_chains_readiness_sample_stats.json,/home/merwijas/deu_class/CLASS-DEU/deu_validation/stage3b_outputs/stage3b9_additional_production_chains_readiness_sample_stats.json,True,2391,98a21de9b43abc10e423afa218f10fc1f88cfe589d4dec6e6540ea72cdfd301f
recommended_public_verification,deu_validation/stage3b_outputs/stage3b9_additional_production_chains_readiness_sampler_runs.json,/home/merwijas/deu_class/CLASS-DEU/deu_validation/stage3b_outputs/stage3b9_additional_production_chains_readiness_sampler_runs.json,True,301,459abd3291eb54f8e4b4fa2ac308a537a82e8a624bbd9b54c61ff650f6758543
recommended_public_verification,deu_validation/stage3b_outputs/stage3b9_additional_production_chains_readiness_segment_split_diagnostics.csv,/home/merwijas/deu_class/CLASS-DEU/deu_validation/stage3b_outputs/stage3b9_additional_production_chains_readiness_segment_split_diagnostics.csv,True,3141,a378fc55fece6a66153a21333b30fe4b15e070ba8e7818876d2674c3202b8c93
recommended_public_verification,deu_validation/stage3b_outputs/stage3b9_additional_production_chains_readiness_segment_split_diagnostics.json,/home/merwijas/deu_class/CLASS-DEU/deu_validation/stage3b_outputs/stage3b9_additional_production_chains_readiness_segment_split_diagnostics.json,True,7925,e585bc400a3fec3aaa0d4ab754cc658a0576ae1fa6df71b88a0f7ef645c6e32b
recommended_public_verification,deu_validation/stage3b_outputs/stage3b9_additional_production_chains_readiness_tail_diagnostics.csv,/home/merwijas/deu_class/CLASS-DEU/deu_validation/stage3b_outputs/stage3b9_additional_production_chains_readiness_tail_diagnostics.csv,True,669,1ef62efd41417399e8c3a257c9476f8d0376c6d097bd644c26465e3ea56e0ac9
recommended_public_verification,deu_validation/stage3b_outputs/stage3b9_additional_production_chains_readiness_tail_diagnostics.json,/home/merwijas/deu_class/CLASS-DEU/deu_validation/stage3b_outputs/stage3b9_additional_production_chains_readiness_tail_diagnostics.json,True,1996,127d9ec5e27fef44c5da7c5a235446f29e6e1d494e155fc2da0895fdf0ebaf47
recommended_public_verification,deu_validation/stage3b_outputs/stage3b9_additional_production_chains_readiness_tri_anchor_eval.csv,/home/merwijas/deu_class/CLASS-DEU/deu_validation/stage3b_outputs/stage3b9_additional_production_chains_readiness_tri_anchor_eval.csv,True,2118,41da99a139b18e132caefae8b7c7fa21ca5f1c17bd0312e548ddf40add3ab2b6
recommended_public_verification,deu_validation/stage3b_outputs/stage3b9_additional_production_chains_readiness_tri_anchor_eval.json,/home/merwijas/deu_class/CLASS-DEU/deu_validation/stage3b_outputs/stage3b9_additional_production_chains_readiness_tri_anchor_eval.json,True,5156,94667bcbfef14a4cbc3094ef32e0b4b14229249d4c00947dbf79ba5a21ad89cc
recommended_public_verification,deu_validation/stage3b_outputs/chains/stage3b6_first_production_run.1.txt,/home/merwijas/deu_class/CLASS-DEU/deu_validation/stage3b_outputs/chains/stage3b6_first_production_run.1.txt,True,646323,ab71be16894d2eb17496873ad4322367d5e1780e50e12e192094edaf81d2aba9
recommended_public_verification,deu_validation/stage3b_outputs/chains/stage3b6_first_production_run_additional_chain01.1.txt,/home/merwijas/deu_class/CLASS-DEU/deu_validation/stage3b_outputs/chains/stage3b6_first_production_run_additional_chain01.1.txt,True,646323,d206803889374a75e67863fe8c3a8e6d37c8dde31f740785866b1b7291f8e6ba
recommended_public_verification,deu_validation/stage3b_outputs/chains/stage3b16_native_baseline_run.1.txt,/home/merwijas/deu_class/CLASS-DEU/deu_validation/stage3b_outputs/chains/stage3b16_native_baseline_run.1.txt,True,542271,47661d07f0540e7c0a3a826484c7803b7f127c6155f4362c83c3f9a78b5c32a1
recommended_public_verification,deu_validation/stage3b_outputs/chains/stage3b16_native_baseline_run_additional_chain01.1.txt,/home/merwijas/deu_class/CLASS-DEU/deu_validation/stage3b_outputs/chains/stage3b16_native_baseline_run_additional_chain01.1.txt,True,542271,9d6691f569a54753f011e334d971a20d8e05e2c1eff28ab50f0c5d6a5f42bfe1
