model,point,objective,yaml,output_prefix,exit_status,stdout_path,stdout_tail,result_file,n_result_rows,n_result_cols,weight,minuslogpost,calib_100T,calib_217T,A_cib_217,xi_sz_cib,A_sz,ksz_norm,gal545_A_100,gal545_A_143,gal545_A_143_217,gal545_A_217,ps_A_100_100,ps_A_143_143,ps_A_143_217,ps_A_217_217,galf_TE_A_100,galf_TE_A_100_143,galf_TE_A_100_217,galf_TE_A_143,galf_TE_A_143_217,galf_TE_A_217,chi2__CMB,minuslogprior,minuslogprior__0,minuslogprior__SZ,chi2,chi2__planck_2018_highl_plik.TTTEEE,chi2__planck_2018_lowl.TT,chi2__planck_2018_lowl.EE,chi2__planck_2018_lensing.native
deu,map,posterior_profile,audit_full_plik_nuisance_profile/20260510T233506Z/deu_full_map_posterior_profile.yaml,audit_full_plik_nuisance_profile/20260510T233506Z/deu_full_map_posterior_profile,0,audit_full_plik_nuisance_profile/20260510T233506Z/deu_full_map_posterior_profile.stdout.txt," 2026-05-10 16:35:54,777 [planck_2018_highl_plik.ttteee] Computing new state
 2026-05-10 16:35:54,796 [planck_2018_highl_plik.ttteee] Computed log-likelihood = -1262.5696007797346
 2026-05-10 16:35:54,796 [planck_2018_lowl.tt] Got parameters {'A_planck': 1.0250579}
 2026-05-10 16:35:54,796 [planck_2018_lowl.tt] Re-using computed results
 2026-05-10 16:35:54,796 [planck_2018_lowl.ee] Got parameters {'A_planck': 1.0250579}
 2026-05-10 16:35:54,796 [planck_2018_lowl.ee] Re-using computed results
 2026-05-10 16:35:54,796 [planck_2018_lensing.native] Got parameters {'A_planck': 1.0250579}
 2026-05-10 16:35:54,796 [planck_2018_lensing.native] Re-using computed results
 2026-05-10 16:35:54,796 [pybobyqa.util] Function eval 452 at point 452 has f = 1509.44056479945 at x = [...]
 2026-05-10 16:35:54,796 [pybobyqa.solver] Ratio = -2.40684
 2026-05-10 16:35:54,796 [pybobyqa.solver] Updating with knew = 24
 2026-05-10 16:35:54,796 [pybobyqa.solver] Checking and possibly improving geometry (unsuccessful step)
 2026-05-10 16:35:54,803 [pybobyqa.solver] Trust region step is d = [ 0.00416629  0.0088036  -0.00050815  0.00084008 -0.0160881   0.
 -0.02380443 -0.01073165 -0.00862459  0.0083031   0.00789046 -0.02029112
 -0.00396092  0.00557724  0.00155281  0.00040375 -0.00054884 -0.0023048
  0.00873377 -0.02673862]
 2026-05-10 16:35:54,803 [pybobyqa.solver] Standard trust region step
 2026-05-10 16:35:54,827 [model] Posterior to be computed for parameters {'calib_100T': np.float64(0.9995979451664695), 'calib_217T': np.float64(0.9981319028072445), 'A_cib_217': np.float64(49.73873783321558), 'xi_sz_cib': np.float64(0.260357994747412), 'A_sz': np.float64(6.747123793837062), 'ksz_norm': np.float64(0.0), 'gal545_A_100': np.float64(8.233479855816157), 'gal545_A_143': np.float64(10.330205098580016), 'gal545_A_143_217': np.float64(17.930278709647133), 'gal545_A_217': np.float64(96.61690707680548), 'ps_A_100_100': np.float64(278.49106056916855), 'ps_A_143_143': np.float64(54.657363542191234), 'ps_A_143_217': np.float64(52.04751802694642), 'ps_A_217_217': np.float64(132.19244898121576), 'galf_TE_A_100': np.float64(0.12289326811473444), 'galf_TE_A_100_143': np.float64(0.1370542368667706), 'galf_TE_A_100_217': np.float64(0.4697983815998076), 'galf_TE_A_143': np.float64(0.2329198154229472), 'galf_TE_A_143_217': np.float64(0.6581760069294514), 'galf_TE_A_217': np.float64(2.095786898513135)}
 2026-05-10 16:35:54,827 [prior] Evaluating prior at array([9.99597945e-01, 9.98131903e-01, 4.97387378e+01, 2.60357995e-01,
       6.74712379e+00, 0.00000000e+00, 8.23347986e+00, 1.03302051e+01,
       1.79302787e+01, 9.66169071e+01, 2.78491061e+02, 5.46573635e+01,
       5.20475180e+01, 1.32192449e+02, 1.22893268e-01, 1.37054237e-01,
       4.69798382e-01, 2.32919815e-01, 6.58176007e-01, 2.09578690e+00])
 2026-05-10 16:35:54,828 [prior] Got logpriors (internal) = -23.113881773587764
 2026-05-10 16:35:54,828 [prior] Got logpriors (external) = [np.float64(-2.110776164101705)]
 2026-05-10 16:35:54,828 [model] Got input parameters: {'deu_damping_envelope_beta': 0.029595717, 'deu_transfer_polamp_p_vis': 1.0473467, 'omega_b': 0.021959556, 'n_s': 0.98118992, 'A_planck': 1.0250579, 'H0': 67.4, 'ln10^{10}A_s': 3.044, 'omega_cdm': 0.12, 'tau_reio': 0.0544, 'calib_100T': 0.9995979451664695, 'calib_217T': 0.9981319028072445, 'A_pol': 1.0, 'calib_100P': 1.021, 'calib_143P': 0.966, 'calib_217P': 1.04, 'cib_index': -1.3, 'A_cib_217': 49.73873783321558, 'xi_sz_cib': 0.260357994747412, 'A_sz': 6.747123793837062, 'ksz_norm': 0.0, 'gal545_A_100': 8.233479855816157, 'gal545_A_143': 10.330205098580016, 'gal545_A_143_217': 17.930278709647133, 'gal545_A_217': 96.61690707680548, 'A_sbpx_100_100_TT': 1.0, 'A_sbpx_143_143_TT': 1.0, 'A_sbpx_143_217_TT': 1.0, 'A_sbpx_217_217_TT': 1.0, 'ps_A_100_100': 278.49106056916855, 'ps_A_143_143': 54.657363542191234, 'ps_A_143_217': 52.04751802694642, 'ps_A_217_217': 132.19244898121576, 'galf_TE_index': -2.4, 'galf_TE_A_100': 0.12289326811473444, 'galf_TE_A_100_143': 0.1370542368667706, 'galf_TE_A_100_217': 0.4697983815998076, 'galf_TE_A_143': 0.2329198154229472, 'galf_TE_A_143_217': 0.6581760069294514, 'galf_TE_A_217': 2.095786898513135, 'galf_EE_index': -2.4, 'galf_EE_A_100': 0.055, 'galf_EE_A_100_143': 0.04, 'galf_EE_A_100_217': 0.094, 'galf_EE_A_143': 0.086, 'galf_EE_A_143_217': 0.21, 'galf_EE_A_217': 0.7, 'A_cnoise_e2e_100_100_EE': 1.0, 'A_cnoise_e2e_143_143_EE': 1.0, 'A_cnoise_e2e_217_217_EE': 1.0, 'A_sbpx_100_100_EE': 1.0, 'A_sbpx_100_143_EE': 1.0, 'A_sbpx_100_217_EE': 1.0, 'A_sbpx_143_143_EE': 1.0, 'A_sbpx_143_217_EE': 1.0, 'A_sbpx_217_217_EE': 1.0}
 2026-05-10 16:35:54,828 [classy] Got parameters {'deu_damping_envelope_beta': 0.029595717, 'deu_transfer_polamp_p_vis': 1.0473467, 'omega_b': 0.021959556, 'n_s': 0.98118992, 'H0': 67.4, 'ln10^{10}A_s': 3.044, 'omega_cdm': 0.12, 'tau_reio': 0.0544}
 2026-05-10 16:35:54,828 [classy] Re-using computed results
 2026-05-10 16:35:54,828 [planck_2018_highl_plik.ttteee] Got parameters {'A_planck': 1.0250579, 'calib_100T': 0.9995979451664695, 'calib_217T': 0.9981319028072445, 'A_pol': 1.0, 'calib_100P': 1.021, 'calib_143P': 0.966, 'calib_217P': 1.04, 'cib_index': -1.3, 'A_cib_217': 49.73873783321558, 'xi_sz_cib': 0.260357994747412, 'A_sz': 6.747123793837062, 'ksz_norm': 0.0, 'gal545_A_100': 8.233479855816157, 'gal545_A_143': 10.330205098580016, 'gal545_A_143_217': 17.930278709647133, 'gal545_A_217': 96.61690707680548, 'A_sbpx_100_100_TT': 1.0, 'A_sbpx_143_143_TT': 1.0, 'A_sbpx_143_217_TT': 1.0, 'A_sbpx_217_217_TT': 1.0, 'ps_A_100_100': 278.49106056916855, 'ps_A_143_143': 54.657363542191234, 'ps_A_143_217': 52.04751802694642, 'ps_A_217_217': 132.19244898121576, 'galf_TE_index': -2.4, 'galf_TE_A_100': 0.12289326811473444, 'galf_TE_A_100_143': 0.1370542368667706, 'galf_TE_A_100_217': 0.4697983815998076, 'galf_TE_A_143': 0.2329198154229472, 'galf_TE_A_143_217': 0.6581760069294514, 'galf_TE_A_217': 2.095786898513135, 'galf_EE_index': -2.4, 'galf_EE_A_100': 0.055, 'galf_EE_A_100_143': 0.04, 'galf_EE_A_100_217': 0.094, 'galf_EE_A_143': 0.086, 'galf_EE_A_143_217': 0.21, 'galf_EE_A_217': 0.7, 'A_cnoise_e2e_100_100_EE': 1.0, 'A_cnoise_e2e_143_143_EE': 1.0, 'A_cnoise_e2e_217_217_EE': 1.0, 'A_sbpx_100_100_EE': 1.0, 'A_sbpx_100_143_EE': 1.0, 'A_sbpx_100_217_EE': 1.0, 'A_sbpx_143_143_EE': 1.0, 'A_sbpx_143_217_EE': 1.0, 'A_sbpx_217_217_EE': 1.0}
 2026-05-10 16:35:54,828 [planck_2018_highl_plik.ttteee] Computing new state
 2026-05-10 16:35:54,845 [planck_2018_highl_plik.ttteee] Computed log-likelihood = -1262.5997028693007
 2026-05-10 16:35:54,845 [planck_2018_lowl.tt] Got parameters {'A_planck': 1.0250579}
 2026-05-10 16:35:54,845 [planck_2018_lowl.tt] Re-using computed results
 2026-05-10 16:35:54,845 [planck_2018_lowl.ee] Got parameters {'A_planck': 1.0250579}
 2026-05-10 16:35:54,845 [planck_2018_lowl.ee] Re-using computed results
 2026-05-10 16:35:54,845 [planck_2018_lensing.native] Got parameters {'A_planck': 1.0250579}
 2026-05-10 16:35:54,845 [planck_2018_lensing.native] Re-using computed results
 2026-05-10 16:35:54,845 [pybobyqa.util] Function eval 453 at point 453 has f = 1509.44026238691 at x = [...]
 2026-05-10 16:35:54,845 [pybobyqa.solver] Ratio = -1.77057
 2026-05-10 16:35:54,845 [pybobyqa.solver] Updating with knew = 13
 2026-05-10 16:35:54,845 [pybobyqa.solver] Checking and possibly improving geometry (unsuccessful step)
 2026-05-10 16:35:54,846 [pybobyqa.solver] At return from solver, number of function evals = 1
 2026-05-10 16:35:54,846 [pybobyqa.solver] Smallest objective value = 1509.43907690779 at x = [ -0.10957506  -0.45364723 -17.65857711   2.28350965  -1.81851203
  -0.86915274   1.67920617   2.4196268   -1.30808509   6.57411711
   2.853964    -2.64637409  12.32795012  17.43392751  -0.57652214
   0.20902974   1.62354423   0.82433      0.18755588   2.47396485]
 2026-05-10 16:35:54,846 [pybobyqa.solver] Did a total of 1 run(s)
 2026-05-10 16:35:54,846 [minimize] Run 2/2 converged.
 2026-05-10 16:35:54,846 [minimize] Finished success",audit_full_plik_nuisance_profile/20260510T233506Z/deu_full_map_posterior_profile.minimum.txt,1,31,1.0,1509.3009,0.9996317,0.9981354,48.733547,0.42149396,7.0352338,0.0,8.2777314,10.450459,18.445527,97.365988,275.14615,56.422756,56.978456,134.17512,0.1241456,0.1370792,0.47063649,0.23128535,0.659538,2.0978131,2968.1833,25.209276,23.020345,2.1889314,2968.1833,2524.9514,26.588767,397.8372,18.805833
deu,map,likelihood_profile,audit_full_plik_nuisance_profile/20260510T233506Z/deu_full_map_likelihood_profile.yaml,audit_full_plik_nuisance_profile/20260510T233506Z/deu_full_map_likelihood_profile,0,audit_full_plik_nuisance_profile/20260510T233506Z/deu_full_map_likelihood_profile.stdout.txt," -0.00164011  0.00305088 -0.0074842  -0.00516239  0.02363375  0.01156267
  0.00614425 -0.01020555]
 2026-05-10 16:36:54,207 [pybobyqa.solver] Standard trust region step
 2026-05-10 16:36:54,221 [model] Got input parameters: {'deu_damping_envelope_beta': 0.029595717, 'deu_transfer_polamp_p_vis': 1.0473467, 'omega_b': 0.021959556, 'n_s': 0.98118992, 'A_planck': 1.0250579, 'H0': 67.4, 'ln10^{10}A_s': 3.044, 'omega_cdm': 0.12, 'tau_reio': 0.0544, 'calib_100T': 0.9968840095955238, 'calib_217T': 0.9987865102648611, 'A_pol': 1.0, 'calib_100P': 1.021, 'calib_143P': 0.966, 'calib_217P': 1.04, 'cib_index': -1.3, 'A_cib_217': 52.401568477306554, 'xi_sz_cib': 0.03852645539298201, 'A_sz': 8.606186502137755, 'ksz_norm': 3.3306690738754696e-16, 'gal545_A_100': -1.4526256721449355, 'gal545_A_143': 7.4017823497975, 'gal545_A_143_217': 16.18348555564457, 'gal545_A_217': 95.02214501014441, 'A_sbpx_100_100_TT': 1.0, 'A_sbpx_143_143_TT': 1.0, 'A_sbpx_143_217_TT': 1.0, 'A_sbpx_217_217_TT': 1.0, 'ps_A_100_100': 244.80006945991693, 'ps_A_143_143': 47.67920624079644, 'ps_A_143_217': 46.984333886449974, 'ps_A_217_217': 128.36161480213363, 'galf_TE_index': -2.4, 'galf_TE_A_100': 0.1773242830811181, 'galf_TE_A_100_143': 0.25198472987635134, 'galf_TE_A_100_217': 0.3950255814953492, 'galf_TE_A_143': 0.3923397261709346, 'galf_TE_A_143_217': 0.5629447022807135, 'galf_TE_A_217': 1.7929005080760951, 'galf_EE_index': -2.4, 'galf_EE_A_100': 0.055, 'galf_EE_A_100_143': 0.04, 'galf_EE_A_100_217': 0.094, 'galf_EE_A_143': 0.086, 'galf_EE_A_143_217': 0.21, 'galf_EE_A_217': 0.7, 'A_cnoise_e2e_100_100_EE': 1.0, 'A_cnoise_e2e_143_143_EE': 1.0, 'A_cnoise_e2e_217_217_EE': 1.0, 'A_sbpx_100_100_EE': 1.0, 'A_sbpx_100_143_EE': 1.0, 'A_sbpx_100_217_EE': 1.0, 'A_sbpx_143_143_EE': 1.0, 'A_sbpx_143_217_EE': 1.0, 'A_sbpx_217_217_EE': 1.0}
 2026-05-10 16:36:54,221 [classy] Got parameters {'deu_damping_envelope_beta': 0.029595717, 'deu_transfer_polamp_p_vis': 1.0473467, 'omega_b': 0.021959556, 'n_s': 0.98118992, 'H0': 67.4, 'ln10^{10}A_s': 3.044, 'omega_cdm': 0.12, 'tau_reio': 0.0544}
 2026-05-10 16:36:54,221 [classy] Re-using computed results
 2026-05-10 16:36:54,221 [planck_2018_highl_plik.ttteee] Got parameters {'A_planck': 1.0250579, 'calib_100T': 0.9968840095955238, 'calib_217T': 0.9987865102648611, 'A_pol': 1.0, 'calib_100P': 1.021, 'calib_143P': 0.966, 'calib_217P': 1.04, 'cib_index': -1.3, 'A_cib_217': 52.401568477306554, 'xi_sz_cib': 0.03852645539298201, 'A_sz': 8.606186502137755, 'ksz_norm': 3.3306690738754696e-16, 'gal545_A_100': -1.4526256721449355, 'gal545_A_143': 7.4017823497975, 'gal545_A_143_217': 16.18348555564457, 'gal545_A_217': 95.02214501014441, 'A_sbpx_100_100_TT': 1.0, 'A_sbpx_143_143_TT': 1.0, 'A_sbpx_143_217_TT': 1.0, 'A_sbpx_217_217_TT': 1.0, 'ps_A_100_100': 244.80006945991693, 'ps_A_143_143': 47.67920624079644, 'ps_A_143_217': 46.984333886449974, 'ps_A_217_217': 128.36161480213363, 'galf_TE_index': -2.4, 'galf_TE_A_100': 0.1773242830811181, 'galf_TE_A_100_143': 0.25198472987635134, 'galf_TE_A_100_217': 0.3950255814953492, 'galf_TE_A_143': 0.3923397261709346, 'galf_TE_A_143_217': 0.5629447022807135, 'galf_TE_A_217': 1.7929005080760951, 'galf_EE_index': -2.4, 'galf_EE_A_100': 0.055, 'galf_EE_A_100_143': 0.04, 'galf_EE_A_100_217': 0.094, 'galf_EE_A_143': 0.086, 'galf_EE_A_143_217': 0.21, 'galf_EE_A_217': 0.7, 'A_cnoise_e2e_100_100_EE': 1.0, 'A_cnoise_e2e_143_143_EE': 1.0, 'A_cnoise_e2e_217_217_EE': 1.0, 'A_sbpx_100_100_EE': 1.0, 'A_sbpx_100_143_EE': 1.0, 'A_sbpx_100_217_EE': 1.0, 'A_sbpx_143_143_EE': 1.0, 'A_sbpx_143_217_EE': 1.0, 'A_sbpx_217_217_EE': 1.0}
 2026-05-10 16:36:54,221 [planck_2018_highl_plik.ttteee] Computing new state
 2026-05-10 16:36:54,231 [planck_2018_highl_plik.ttteee] Computed log-likelihood = -1258.9780479750477
 2026-05-10 16:36:54,231 [planck_2018_lowl.tt] Got parameters {'A_planck': 1.0250579}
 2026-05-10 16:36:54,231 [planck_2018_lowl.tt] Re-using computed results
 2026-05-10 16:36:54,231 [planck_2018_lowl.ee] Got parameters {'A_planck': 1.0250579}
 2026-05-10 16:36:54,231 [planck_2018_lowl.ee] Re-using computed results
 2026-05-10 16:36:54,231 [planck_2018_lensing.native] Got parameters {'A_planck': 1.0250579}
 2026-05-10 16:36:54,231 [planck_2018_lensing.native] Re-using computed results
 2026-05-10 16:36:54,231 [pybobyqa.util] Function eval 824 at point 824 has f = 1480.59394955497 at x = [...]
 2026-05-10 16:36:54,231 [pybobyqa.solver] Ratio = 0.0136516
 2026-05-10 16:36:54,246 [pybobyqa.solver] Updating with knew = 5
 2026-05-10 16:36:54,246 [pybobyqa.controller] Non-slow iteration
 2026-05-10 16:36:54,246 [pybobyqa.solver] Checking and possibly improving geometry (unsuccessful step)
 2026-05-10 16:36:54,251 [pybobyqa.solver] Trust region step is d = [-0.00643991 -0.00212988 -0.03052773  0.00444446  0.00558779  0.
  0.00281865 -0.01867359  0.00382961  0.00524693 -0.00579358  0.00707193
  0.01060572  0.02128041  0.01222907  0.00424902 -0.01189456 -0.00829954
 -0.00672378  0.00036972]
 2026-05-10 16:36:54,251 [pybobyqa.solver] Standard trust region step
 2026-05-10 16:36:54,265 [model] Got input parameters: {'deu_damping_envelope_beta': 0.029595717, 'deu_transfer_polamp_p_vis': 1.0473467, 'omega_b': 0.021959556, 'n_s': 0.98118992, 'A_planck': 1.0250579, 'H0': 67.4, 'ln10^{10}A_s': 3.044, 'omega_cdm': 0.12, 'tau_reio': 0.0544, 'calib_100T': 0.9968807896418033, 'calib_217T': 0.9987854453272953, 'A_pol': 1.0, 'calib_100P': 1.021, 'calib_143P': 0.966, 'calib_217P': 1.04, 'cib_index': -1.3, 'A_cib_217': 52.364935199120126, 'xi_sz_cib': 0.038970901883123514, 'A_sz': 8.609539178034929, 'ksz_norm': 3.3306690738754696e-16, 'gal545_A_100': -1.4498070260144234, 'gal545_A_143': 7.383108763739928, 'gal545_A_143_217': 16.18922997267513, 'gal545_A_217': 95.03263887378613, 'A_sbpx_100_100_TT': 1.0, 'A_sbpx_143_143_TT': 1.0, 'A_sbpx_143_217_TT': 1.0, 'A_sbpx_217_217_TT': 1.0, 'ps_A_100_100': 244.701578561326, 'ps_A_143_143': 47.70042204551848, 'ps_A_143_217': 47.0055453333466, 'ps_A_217_217': 128.41481582663408, 'galf_TE_index': -2.4, 'galf_TE_A_100': 0.17854718995853694, 'galf_TE_A_100_143': 0.252409631844941, 'galf_TE_A_100_217': 0.3938361250402106, 'galf_TE_A_143': 0.39150977221114697, 'galf_TE_A_143_217': 0.562272324131745, 'galf_TE_A_217': 1.7929744518396462, 'galf_EE_index': -2.4, 'galf_EE_A_100': 0.055, 'galf_EE_A_100_143': 0.04, 'galf_EE_A_100_217': 0.094, 'galf_EE_A_143': 0.086, 'galf_EE_A_143_217': 0.21, 'galf_EE_A_217': 0.7, 'A_cnoise_e2e_100_100_EE': 1.0, 'A_cnoise_e2e_143_143_EE': 1.0, 'A_cnoise_e2e_217_217_EE': 1.0, 'A_sbpx_100_100_EE': 1.0, 'A_sbpx_100_143_EE': 1.0, 'A_sbpx_100_217_EE': 1.0, 'A_sbpx_143_143_EE': 1.0, 'A_sbpx_143_217_EE': 1.0, 'A_sbpx_217_217_EE': 1.0}
 2026-05-10 16:36:54,265 [classy] Got parameters {'deu_damping_envelope_beta': 0.029595717, 'deu_transfer_polamp_p_vis': 1.0473467, 'omega_b': 0.021959556, 'n_s': 0.98118992, 'H0': 67.4, 'ln10^{10}A_s': 3.044, 'omega_cdm': 0.12, 'tau_reio': 0.0544}
 2026-05-10 16:36:54,265 [classy] Re-using computed results
 2026-05-10 16:36:54,265 [planck_2018_highl_plik.ttteee] Got parameters {'A_planck': 1.0250579, 'calib_100T': 0.9968807896418033, 'calib_217T': 0.9987854453272953, 'A_pol': 1.0, 'calib_100P': 1.021, 'calib_143P': 0.966, 'calib_217P': 1.04, 'cib_index': -1.3, 'A_cib_217': 52.364935199120126, 'xi_sz_cib': 0.038970901883123514, 'A_sz': 8.609539178034929, 'ksz_norm': 3.3306690738754696e-16, 'gal545_A_100': -1.4498070260144234, 'gal545_A_143': 7.383108763739928, 'gal545_A_143_217': 16.18922997267513, 'gal545_A_217': 95.03263887378613, 'A_sbpx_100_100_TT': 1.0, 'A_sbpx_143_143_TT': 1.0, 'A_sbpx_143_217_TT': 1.0, 'A_sbpx_217_217_TT': 1.0, 'ps_A_100_100': 244.701578561326, 'ps_A_143_143': 47.70042204551848, 'ps_A_143_217': 47.0055453333466, 'ps_A_217_217': 128.41481582663408, 'galf_TE_index': -2.4, 'galf_TE_A_100': 0.17854718995853694, 'galf_TE_A_100_143': 0.252409631844941, 'galf_TE_A_100_217': 0.3938361250402106, 'galf_TE_A_143': 0.39150977221114697, 'galf_TE_A_143_217': 0.562272324131745, 'gal",audit_full_plik_nuisance_profile/20260510T233506Z/deu_full_map_likelihood_profile.bestfit.txt,1,31,1.0,1545.775,0.99689556,0.99963936,53.374115,0.2249928,9.4602303,1.110223e-16,-1.4526257,7.8589073,18.912684,99.22891,235.8715,48.514199,51.430413,125.88728,0.18180143,0.25916664,0.43862342,0.39838341,0.59450845,1.847063,2960.9668,65.29156,61.509085,3.7824758,2960.9668,2517.735,26.588767,397.8372,18.805833
deu,mean,posterior_profile,audit_full_plik_nuisance_profile/20260510T233506Z/deu_full_mean_posterior_profile.yaml,audit_full_plik_nuisance_profile/20260510T233506Z/deu_full_mean_posterior_profile,0,audit_full_plik_nuisance_profile/20260510T233506Z/deu_full_mean_posterior_profile.stdout.txt," 2026-05-10 16:38:10,857 [classy] Re-using computed results
 2026-05-10 16:38:10,857 [planck_2018_highl_plik.ttteee] Got parameters {'A_planck': 1.025055724379812, 'calib_100T': 0.9996720366459354, 'calib_217T': 0.998172523479903, 'A_pol': 1.0, 'calib_100P': 1.021, 'calib_143P': 0.966, 'calib_217P': 1.04, 'cib_index': -1.3, 'A_cib_217': 46.21109624326817, 'xi_sz_cib': 0.9971378234719132, 'A_sz': 6.81028986019153, 'ksz_norm': 0.0, 'gal545_A_100': 8.232479390958247, 'gal545_A_143': 10.882007937983822, 'gal545_A_143_217': 20.295960772802356, 'gal545_A_217': 99.75282603615884, 'A_sbpx_100_100_TT': 1.0, 'A_sbpx_143_143_TT': 1.0, 'A_sbpx_143_217_TT': 1.0, 'A_sbpx_217_217_TT': 1.0, 'ps_A_100_100': 273.73969989982726, 'ps_A_143_143': 65.3940151881893, 'ps_A_143_217': 71.15095733336486, 'ps_A_217_217': 138.50003514391403, 'galf_TE_index': -2.4, 'galf_TE_A_100': 0.12449766189792608, 'galf_TE_A_100_143': 0.1378843575108555, 'galf_TE_A_100_217': 0.46652127453679926, 'galf_TE_A_143': 0.23443717357007476, 'galf_TE_A_143_217': 0.6576896209356786, 'galf_TE_A_217': 2.0818885301222605, 'galf_EE_index': -2.4, 'galf_EE_A_100': 0.055, 'galf_EE_A_100_143': 0.04, 'galf_EE_A_100_217': 0.094, 'galf_EE_A_143': 0.086, 'galf_EE_A_143_217': 0.21, 'galf_EE_A_217': 0.7, 'A_cnoise_e2e_100_100_EE': 1.0, 'A_cnoise_e2e_143_143_EE': 1.0, 'A_cnoise_e2e_217_217_EE': 1.0, 'A_sbpx_100_100_EE': 1.0, 'A_sbpx_100_143_EE': 1.0, 'A_sbpx_100_217_EE': 1.0, 'A_sbpx_143_143_EE': 1.0, 'A_sbpx_143_217_EE': 1.0, 'A_sbpx_217_217_EE': 1.0}
 2026-05-10 16:38:10,857 [planck_2018_highl_plik.ttteee] Computing new state
 2026-05-10 16:38:10,874 [planck_2018_highl_plik.ttteee] Computed log-likelihood = -1262.4099049285323
 2026-05-10 16:38:10,875 [planck_2018_lowl.tt] Got parameters {'A_planck': 1.025055724379812}
 2026-05-10 16:38:10,875 [planck_2018_lowl.tt] Re-using computed results
 2026-05-10 16:38:10,875 [planck_2018_lowl.ee] Got parameters {'A_planck': 1.025055724379812}
 2026-05-10 16:38:10,875 [planck_2018_lowl.ee] Re-using computed results
 2026-05-10 16:38:10,875 [planck_2018_lensing.native] Got parameters {'A_planck': 1.025055724379812}
 2026-05-10 16:38:10,875 [planck_2018_lensing.native] Re-using computed results
 2026-05-10 16:38:10,875 [pybobyqa.util] Function eval 962 at point 962 has f = 1509.10258700283 at x = [...]
 2026-05-10 16:38:10,882 [pybobyqa.solver] Trust region step is d = [ 0.00640332 -0.00837085  0.00124506  0.          0.00781863  0.02635443
 -0.0140621  -0.0092168  -0.01192766 -0.00689454  0.00139608  0.01269604
  0.02255206 -0.01583066  0.00371209 -0.00361713  0.0065188  -0.00255229
  0.00612301 -0.01111244]
 2026-05-10 16:38:10,882 [pybobyqa.solver] Standard trust region step
 2026-05-10 16:38:10,905 [model] Posterior to be computed for parameters {'calib_100T': np.float64(0.9996694394245954), 'calib_217T': np.float64(0.9981726830028163), 'A_cib_217': np.float64(46.21123697668445), 'xi_sz_cib': np.float64(0.9999999999999998), 'A_sz': np.float64(6.813688352049102), 'ksz_norm': np.float64(0.026354433066058225), 'gal545_A_100': np.float64(8.2286887080896), 'gal545_A_143': np.float64(10.865381760687303), 'gal545_A_143_217': np.float64(20.26344738856507), 'gal545_A_217': np.float64(99.74798219676462), 'ps_A_100_100': np.float64(273.9575182100628), 'ps_A_143_143': np.float64(65.37598107724162), 'ps_A_143_217': np.float64(71.18216819391836), 'ps_A_217_217': np.float64(138.47626515462164), 'galf_TE_A_100': np.float64(0.12403524535911656), 'galf_TE_A_100_143': np.float64(0.13770853139490322), 'galf_TE_A_100_217': np.float64(0.4682947044584841), 'galf_TE_A_143': np.float64(0.23291167963772016), 'galf_TE_A_143_217': np.float64(0.6572238658623231), 'galf_TE_A_217': np.float64(2.082070836308348)}
 2026-05-10 16:38:10,905 [prior] Evaluating prior at array([9.99669439e-01, 9.98172683e-01, 4.62112370e+01, 1.00000000e+00,
       6.81368835e+00, 2.63544331e-02, 8.22868871e+00, 1.08653818e+01,
       2.02634474e+01, 9.97479822e+01, 2.73957518e+02, 6.53759811e+01,
       7.11821682e+01, 1.38476265e+02, 1.24035245e-01, 1.37708531e-01,
       4.68294704e-01, 2.32911680e-01, 6.57223866e-01, 2.08207084e+00])
 2026-05-10 16:38:10,905 [prior] Got logpriors (internal) = -22.942733260134922
 2026-05-10 16:38:10,905 [prior] Got logpriors (external) = [np.float64(-2.1308794118612266)]
 2026-05-10 16:38:10,905 [model] Got input parameters: {'deu_damping_envelope_beta': 0.029491217248075276, 'deu_transfer_polamp_p_vis': 1.0474182267750216, 'omega_b': 0.021980020954662106, 'n_s': 0.9815232201591104, 'A_planck': 1.025055724379812, 'H0': 67.4, 'ln10^{10}A_s': 3.044, 'omega_cdm': 0.12, 'tau_reio': 0.0544, 'calib_100T': 0.9996694394245954, 'calib_217T': 0.9981726830028163, 'A_pol': 1.0, 'calib_100P': 1.021, 'calib_143P': 0.966, 'calib_217P': 1.04, 'cib_index': -1.3, 'A_cib_217': 46.21123697668445, 'xi_sz_cib': 0.9999999999999998, 'A_sz': 6.813688352049102, 'ksz_norm': 0.026354433066058225, 'gal545_A_100': 8.2286887080896, 'gal545_A_143': 10.865381760687303, 'gal545_A_143_217': 20.26344738856507, 'gal545_A_217': 99.74798219676462, 'A_sbpx_100_100_TT': 1.0, 'A_sbpx_143_143_TT': 1.0, 'A_sbpx_143_217_TT': 1.0, 'A_sbpx_217_217_TT': 1.0, 'ps_A_100_100': 273.9575182100628, 'ps_A_143_143': 65.37598107724162, 'ps_A_143_217': 71.18216819391836, 'ps_A_217_217': 138.47626515462164, 'galf_TE_index': -2.4, 'galf_TE_A_100': 0.12403524535911656, 'galf_TE_A_100_143': 0.13770853139490322, 'galf_TE_A_100_217': 0.4682947044584841, 'galf_TE_A_143': 0.23291167963772016, 'galf_TE_A_143_217': 0.6572238658623231, 'galf_TE_A_217': 2.082070836308348, 'galf_EE_index': -2.4, 'galf_EE_A_100': 0.055, 'galf_EE_A_100_143': 0.04, 'galf_EE_A_100_217': 0.094, 'galf_EE_A_143': 0.086, 'galf_EE_A_143_217': 0.21, 'galf_EE_A_217': 0.7, 'A_cnoise_e2e_100_100_EE': 1.0, 'A_cnoise_e2e_143_143_EE': 1.0, 'A_cnoise_e2e_217_217_EE': 1.0, 'A_sbpx_100_100_EE': 1.0, 'A_sbpx_100_143_EE': 1.0, 'A_sbpx_100_217_EE': 1.0, 'A_sbpx_143_143_EE': 1.0, 'A_sbpx_143_217_EE': 1.0, 'A_sbpx_217_217_EE': 1.0}
 2026-05-10 16:38:10,906 [classy] Got parameters {'deu_damping_envelope_beta': 0.029491217248075276, 'deu_transfer_polamp_p_vis': 1.0474182267750216, 'omega_b': 0.021980020954662106, 'n_s': 0.9815232201591104, 'H0': 67.4, 'ln10^{10}A_s': 3.044, 'omega_cdm': 0.12, 'tau_reio': 0.0544}
 2026-05-10 16:38:10,906 [classy] Re-using computed results
 2026-05-10 16:38:10,906 [planck_2018_highl_plik.ttteee] Got parameters {'A_planck': 1.025055724379812, 'calib_100T': 0.9996694394245954, 'calib_217T': 0.9981726830028163, 'A_pol': 1.0, 'calib_100P': 1.021, 'calib_143P': 0.966, 'calib_217P': 1.04, 'cib_index': -1.3, 'A_cib_217': 46.21123697668445, 'xi_sz_cib': 0.9999999999999998, 'A_sz': 6.813688352049102, 'ksz_norm': 0.026354433066058225, 'gal545_A_100': 8.2286887080896, 'gal545_A_143': 10.865381760687303, 'gal545_A_143_217': 20.26344738856507, 'gal545_A_217': 99.74798219676462, 'A_sbpx_100_100_TT': 1.0, 'A_sbpx_143_143_TT': 1.0, 'A_sbpx_143_217_TT': 1.0, 'A_sbpx_217_217_TT': 1.0, 'ps_A_100_100': 273.9575182100628, 'ps_A_143_143': 65.37598107724162, 'ps_A_143_217': 71.18216819391836, 'ps_A_217_217': 138.47626515462164, 'galf_TE_index': -2.4, 'galf_TE_A_100': 0.12403524535911656, 'galf_TE_A_100_143': 0.13770853139490322, 'galf_TE_A_100_217': 0.4682947044584841, 'galf_TE_A_143': 0.23291167963772016, 'galf_TE_A_143_217': 0.6572238658623231, 'galf_TE_A_217': 2.082070836308348, 'galf_EE_index': -2.4, 'galf_EE_A_100': 0.055, 'galf_EE_A_100_143': 0.04, 'galf_EE_A_100_217': 0.094, 'galf_EE_A_143': 0.086, 'galf_EE_A_143_217': 0.21, 'galf_EE_A_217': 0.7, 'A_cnoise_e2e_100_100_EE': 1.0, 'A_cnoise_e2e_143_143_EE': 1.0, 'A_cnoise_e2e_217_217_EE': 1.0, 'A_sbpx_100_100_EE': 1.0, 'A_sbpx_100_143_EE': 1.0, 'A_sbpx_100_217_EE': 1.0, 'A_sbpx_143_143_EE': 1.0, 'A_sbpx_143_217_EE': 1.0, 'A_sbpx_217_217_EE': 1.0}
 2026-05-10 16:38:10,906 [planck_2018_highl_plik.ttteee] Computing new state
 2026-05-10 16:38:10,923 [planck_2018_highl_plik.ttteee] Computed log-likelihood = -1262.40390407971
 2026-05-10 16:3",audit_full_plik_nuisance_profile/20260510T233506Z/deu_full_mean_posterior_profile.minimum.txt,1,31,1.0,1509.0994,0.99966624,0.99817687,46.209743,1.0,6.8089972,0.0,8.2427508,10.874599,20.281339,99.761771,273.93378,65.337893,71.137064,138.51584,0.12366404,0.13807024,0.46764282,0.23316691,0.65661156,2.0842933,2968.0396,25.079573,22.954004,2.1255696,2968.0396,2524.7923,26.50205,397.87563,18.869631
deu,mean,likelihood_profile,audit_full_plik_nuisance_profile/20260510T233506Z/deu_full_mean_likelihood_profile.yaml,audit_full_plik_nuisance_profile/20260510T233506Z/deu_full_mean_likelihood_profile,0,audit_full_plik_nuisance_profile/20260510T233506Z/deu_full_mean_likelihood_profile.stdout.txt," 2026-05-10 16:39:40,338 [planck_2018_lowl.tt] Re-using computed results
 2026-05-10 16:39:40,338 [planck_2018_lowl.ee] Got parameters {'A_planck': 1.025055724379812}
 2026-05-10 16:39:40,338 [planck_2018_lowl.ee] Re-using computed results
 2026-05-10 16:39:40,338 [planck_2018_lensing.native] Got parameters {'A_planck': 1.025055724379812}
 2026-05-10 16:39:40,338 [planck_2018_lensing.native] Re-using computed results
 2026-05-10 16:39:40,339 [pybobyqa.util] Function eval 863 at point 863 has f = 1480.53992464223 at x = [...]
 2026-05-10 16:39:40,339 [pybobyqa.solver] Ratio = -0.0862362
 2026-05-10 16:39:40,339 [pybobyqa.solver] Updating with knew = 26
 2026-05-10 16:39:40,339 [pybobyqa.solver] Checking and possibly improving geometry (unsuccessful step)
 2026-05-10 16:39:40,339 [pybobyqa.controller] Running geometry-fixing step
 2026-05-10 16:39:40,345 [model] Got input parameters: {'deu_damping_envelope_beta': 0.029491217248075276, 'deu_transfer_polamp_p_vis': 1.0474182267750216, 'omega_b': 0.021980020954662106, 'n_s': 0.9815232201591104, 'A_planck': 1.025055724379812, 'H0': 67.4, 'ln10^{10}A_s': 3.044, 'omega_cdm': 0.12, 'tau_reio': 0.0544, 'calib_100T': 0.9966926896685961, 'calib_217T': 0.9989615117828198, 'A_pol': 1.0, 'calib_100P': 1.021, 'calib_143P': 0.966, 'calib_217P': 1.04, 'cib_index': -1.3, 'A_cib_217': 49.840916988474945, 'xi_sz_cib': 0.2923580032024455, 'A_sz': 9.089680897285927, 'ksz_norm': 0.006107499698330354, 'gal545_A_100': -1.4478462334533324, 'gal545_A_143': 8.944459596269972, 'gal545_A_143_217': 19.2703565844982, 'gal545_A_217': 99.94198737498465, 'A_sbpx_100_100_TT': 1.0, 'A_sbpx_143_143_TT': 1.0, 'A_sbpx_143_217_TT': 1.0, 'A_sbpx_217_217_TT': 1.0, 'ps_A_100_100': 235.7197964399159, 'ps_A_143_143': 49.03889780052005, 'ps_A_143_217': 53.036524444791894, 'ps_A_217_217': 130.38305488543904, 'galf_TE_index': -2.4, 'galf_TE_A_100': 0.16084203604340805, 'galf_TE_A_100_143': 0.24350101357874368, 'galf_TE_A_100_217': 0.44436583271857105, 'galf_TE_A_143': 0.38636726206173494, 'galf_TE_A_143_217': 0.6062407422174035, 'galf_TE_A_217': 1.8843294468327856, 'galf_EE_index': -2.4, 'galf_EE_A_100': 0.055, 'galf_EE_A_100_143': 0.04, 'galf_EE_A_100_217': 0.094, 'galf_EE_A_143': 0.086, 'galf_EE_A_143_217': 0.21, 'galf_EE_A_217': 0.7, 'A_cnoise_e2e_100_100_EE': 1.0, 'A_cnoise_e2e_143_143_EE': 1.0, 'A_cnoise_e2e_217_217_EE': 1.0, 'A_sbpx_100_100_EE': 1.0, 'A_sbpx_100_143_EE': 1.0, 'A_sbpx_100_217_EE': 1.0, 'A_sbpx_143_143_EE': 1.0, 'A_sbpx_143_217_EE': 1.0, 'A_sbpx_217_217_EE': 1.0}
 2026-05-10 16:39:40,346 [classy] Got parameters {'deu_damping_envelope_beta': 0.029491217248075276, 'deu_transfer_polamp_p_vis': 1.0474182267750216, 'omega_b': 0.021980020954662106, 'n_s': 0.9815232201591104, 'H0': 67.4, 'ln10^{10}A_s': 3.044, 'omega_cdm': 0.12, 'tau_reio': 0.0544}
 2026-05-10 16:39:40,346 [classy] Re-using computed results
 2026-05-10 16:39:40,346 [planck_2018_highl_plik.ttteee] Got parameters {'A_planck': 1.025055724379812, 'calib_100T': 0.9966926896685961, 'calib_217T': 0.9989615117828198, 'A_pol': 1.0, 'calib_100P': 1.021, 'calib_143P': 0.966, 'calib_217P': 1.04, 'cib_index': -1.3, 'A_cib_217': 49.840916988474945, 'xi_sz_cib': 0.2923580032024455, 'A_sz': 9.089680897285927, 'ksz_norm': 0.006107499698330354, 'gal545_A_100': -1.4478462334533324, 'gal545_A_143': 8.944459596269972, 'gal545_A_143_217': 19.2703565844982, 'gal545_A_217': 99.94198737498465, 'A_sbpx_100_100_TT': 1.0, 'A_sbpx_143_143_TT': 1.0, 'A_sbpx_143_217_TT': 1.0, 'A_sbpx_217_217_TT': 1.0, 'ps_A_100_100': 235.7197964399159, 'ps_A_143_143': 49.03889780052005, 'ps_A_143_217': 53.036524444791894, 'ps_A_217_217': 130.38305488543904, 'galf_TE_index': -2.4, 'galf_TE_A_100': 0.16084203604340805, 'galf_TE_A_100_143': 0.24350101357874368, 'galf_TE_A_100_217': 0.44436583271857105, 'galf_TE_A_143': 0.38636726206173494, 'galf_TE_A_143_217': 0.6062407422174035, 'galf_TE_A_217': 1.8843294468327856, 'galf_EE_index': -2.4, 'galf_EE_A_100': 0.055, 'galf_EE_A_100_143': 0.04, 'galf_EE_A_100_217': 0.094, 'galf_EE_A_143': 0.086, 'galf_EE_A_143_217': 0.21, 'galf_EE_A_217': 0.7, 'A_cnoise_e2e_100_100_EE': 1.0, 'A_cnoise_e2e_143_143_EE': 1.0, 'A_cnoise_e2e_217_217_EE': 1.0, 'A_sbpx_100_100_EE': 1.0, 'A_sbpx_100_143_EE': 1.0, 'A_sbpx_100_217_EE': 1.0, 'A_sbpx_143_143_EE': 1.0, 'A_sbpx_143_217_EE': 1.0, 'A_sbpx_217_217_EE': 1.0}
 2026-05-10 16:39:40,346 [planck_2018_highl_plik.ttteee] Computing new state
 2026-05-10 16:39:40,362 [planck_2018_highl_plik.ttteee] Computed log-likelihood = -1258.919513769639
 2026-05-10 16:39:40,362 [planck_2018_lowl.tt] Got parameters {'A_planck': 1.025055724379812}
 2026-05-10 16:39:40,362 [planck_2018_lowl.tt] Re-using computed results
 2026-05-10 16:39:40,362 [planck_2018_lowl.ee] Got parameters {'A_planck': 1.025055724379812}
 2026-05-10 16:39:40,362 [planck_2018_lowl.ee] Re-using computed results
 2026-05-10 16:39:40,362 [planck_2018_lensing.native] Got parameters {'A_planck': 1.025055724379812}
 2026-05-10 16:39:40,362 [planck_2018_lensing.native] Re-using computed results
 2026-05-10 16:39:40,362 [pybobyqa.util] Function eval 864 at point 864 has f = 1480.54316942803 at x = [...]
 2026-05-10 16:39:40,370 [pybobyqa.solver] Trust region step is d = [ 0.          0.00948992  0.00157658  0.00348651 -0.01255995  0.
  0.         -0.01467835 -0.00360593  0.0016641  -0.00423347  0.00028313
 -0.00426477 -0.00153803  0.00078625  0.00037976  0.00342343  0.00179174
  0.00392574  0.00329944]
 2026-05-10 16:39:40,370 [pybobyqa.solver] Safety step (main phase)
 2026-05-10 16:39:40,370 [model] Got input parameters: {'deu_damping_envelope_beta': 0.029491217248075276, 'deu_transfer_polamp_p_vis': 1.0474182267750216, 'omega_b': 0.021980020954662106, 'n_s': 0.9815232201591104, 'A_planck': 1.025055724379812, 'H0': 67.4, 'ln10^{10}A_s': 3.044, 'omega_cdm': 0.12, 'tau_reio': 0.0544, 'calib_100T': 0.9966815810147492, 'calib_217T': 0.9989689496908197, 'A_pol': 1.0, 'calib_100P': 1.021, 'calib_143P': 0.966, 'calib_217P': 1.04, 'cib_index': -1.3, 'A_cib_217': 49.85879025656233, 'xi_sz_cib': 0.2929468201878751, 'A_sz': 9.084929100606521, 'ksz_norm': 0.0, 'gal545_A_100': -1.4526256721449373, 'gal545_A_143': 8.921928455078778, 'gal545_A_143_217': 19.257883978533837, 'gal545_A_217': 99.95001017731592, 'A_sbpx_100_100_TT': 1.0, 'A_sbpx_143_143_TT': 1.0, 'A_sbpx_143_217_TT': 1.0, 'A_sbpx_217_217_TT': 1.0, 'ps_A_100_100': 235.4906311089608, 'ps_A_143_143': 49.05358424631791, 'ps_A_143_217': 53.040855625476894, 'ps_A_217_217': 130.38794432490673, 'galf_TE_index': -2.4, 'galf_TE_A_100': 0.16156079393701248, 'galf_TE_A_100_143': 0.24299653581590722, 'galf_TE_A_100_217': 0.4476380987912465, 'galf_TE_A_143': 0.3856576214586219, 'galf_TE_A_143_217': 0.6056633904182264, 'galf_TE_A_217': 1.8887891536476389, 'galf_EE_index': -2.4, 'galf_EE_A_100': 0.055, 'galf_EE_A_100_143': 0.04, 'galf_EE_A_100_217': 0.094, 'galf_EE_A_143': 0.086, 'galf_EE_A_143_217': 0.21, 'galf_EE_A_217': 0.7, 'A_cnoise_e2e_100_100_EE': 1.0, 'A_cnoise_e2e_143_143_EE': 1.0, 'A_cnoise_e2e_217_217_EE': 1.0, 'A_sbpx_100_100_EE': 1.0, 'A_sbpx_100_143_EE': 1.0, 'A_sbpx_100_217_EE': 1.0, 'A_sbpx_143_143_EE': 1.0, 'A_sbpx_143_217_EE': 1.0, 'A_sbpx_217_217_EE': 1.0}
 2026-05-10 16:39:40,370 [classy] Got parameters {'deu_damping_envelope_beta': 0.029491217248075276, 'deu_transfer_polamp_p_vis': 1.0474182267750216, 'omega_b': 0.021980020954662106, 'n_s': 0.9815232201591104, 'H0': 67.4, 'ln10^{10}A_s': 3.044, 'omega_cdm': 0.12, 'tau_reio': 0.0544}
 2026-05-10 16:39:40,370 [classy] Re-using computed results
 2026-05-10 16:39:40,370 [planck_2018_highl_plik.ttteee] Got parameters {'A_planck': 1.025055724379812, 'calib_100T': 0.9966815810147492, 'calib_217T': 0.9989689496908197, 'A_pol': 1.0, 'calib_100P': 1.021, 'calib_143P': 0.966, 'calib_217P': 1.04, 'cib_index': -1.3, 'A_cib_217': 49.85879025656233, 'xi_sz_cib': 0.2929468201878751, 'A_sz': 9.084929100606521, 'ksz_norm': 0.0, 'gal545_A_100': -1.4526256721449373, 'gal545_A_143': 8.921928455078778, 'gal545_A_14",audit_full_plik_nuisance_profile/20260510T233506Z/deu_full_mean_likelihood_profile.bestfit.txt,1,31,1.0,1541.6251,0.99681682,0.99899871,50.846406,0.36118843,9.1978168,0.0,-1.4526257,8.3720589,18.774934,98.512643,235.35124,50.568051,55.555981,129.88355,0.15690273,0.24234049,0.39975776,0.38873486,0.58936466,1.8424542,2961.0137,61.118253,57.588927,3.5293255,2961.0137,2517.7664,26.50205,397.87563,18.869631
native,map,posterior_profile,audit_full_plik_nuisance_profile/20260510T233506Z/native_full_map_posterior_profile.yaml,audit_full_plik_nuisance_profile/20260510T233506Z/native_full_map_posterior_profile,0,audit_full_plik_nuisance_profile/20260510T233506Z/native_full_map_posterior_profile.stdout.txt," 2026-05-10 16:40:34,251 [planck_2018_highl_plik.ttteee] Computing new state
 2026-05-10 16:40:34,263 [planck_2018_highl_plik.ttteee] Computed log-likelihood = -1388.0708044729868
 2026-05-10 16:40:34,263 [planck_2018_lowl.tt] Got parameters {'A_planck': 1.0200026}
 2026-05-10 16:40:34,263 [planck_2018_lowl.tt] Re-using computed results
 2026-05-10 16:40:34,263 [planck_2018_lowl.ee] Got parameters {'A_planck': 1.0200026}
 2026-05-10 16:40:34,263 [planck_2018_lowl.ee] Re-using computed results
 2026-05-10 16:40:34,263 [planck_2018_lensing.native] Got parameters {'A_planck': 1.0200026}
 2026-05-10 16:40:34,263 [planck_2018_lensing.native] Re-using computed results
 2026-05-10 16:40:34,263 [pybobyqa.util] Function eval 620 at point 620 has f = 1654.45473130953 at x = [...]
 2026-05-10 16:40:34,263 [pybobyqa.solver] Ratio = 0.601937
 2026-05-10 16:40:34,278 [pybobyqa.solver] Updating with knew = 39
 2026-05-10 16:40:34,278 [pybobyqa.controller] Non-slow iteration
 2026-05-10 16:40:34,281 [pybobyqa.solver] Trust region step is d = [-0.01577463  0.00551677  0.00979362  0.          0.02567296  0.
  0.01886819 -0.0004896  -0.00787771 -0.01458554 -0.0018752  -0.01550744
  0.00855004  0.00451634  0.00374191 -0.00051952  0.01175635 -0.00028865
 -0.00443434 -0.01802603]
 2026-05-10 16:40:34,282 [pybobyqa.solver] Standard trust region step
 2026-05-10 16:40:34,296 [model] Posterior to be computed for parameters {'calib_100T': np.float64(0.9979651703447879), 'calib_217T': np.float64(0.9983709435524588), 'A_cib_217': np.float64(74.5727824868191), 'xi_sz_cib': np.float64(0.0), 'A_sz': np.float64(8.542593351288152), 'ksz_norm': np.float64(10.0), 'gal545_A_100': np.float64(12.647011541840506), 'gal545_A_143': np.float64(18.399605012186964), 'gal545_A_143_217': np.float64(26.736552501302455), 'gal545_A_217': np.float64(96.744971381118), 'ps_A_100_100': np.float64(317.60325915540705), 'ps_A_143_143': np.float64(44.915097015736976), 'ps_A_143_217': np.float64(23.695619708270186), 'ps_A_217_217': np.float64(76.3269033440171), 'galf_TE_A_100': np.float64(0.11806462622515913), 'galf_TE_A_100_143': np.float64(0.13729322495516827), 'galf_TE_A_100_217': np.float64(0.48471744281676665), 'galf_TE_A_143': np.float64(0.22411381368695077), 'galf_TE_A_143_217': np.float64(0.6704954828324379), 'galf_TE_A_217': np.float64(2.1285930370364436)}
 2026-05-10 16:40:34,296 [prior] Evaluating prior at array([9.97965170e-01, 9.98370944e-01, 7.45727825e+01, 0.00000000e+00,
       8.54259335e+00, 1.00000000e+01, 1.26470115e+01, 1.83996050e+01,
       2.67365525e+01, 9.67449714e+01, 3.17603259e+02, 4.49150970e+01,
       2.36956197e+01, 7.63269033e+01, 1.18064626e-01, 1.37293225e-01,
       4.84717443e-01, 2.24113814e-01, 6.70495483e-01, 2.12859304e+00])
 2026-05-10 16:40:34,296 [prior] Got logpriors (internal) = -37.442518473175895
 2026-05-10 16:40:34,296 [prior] Got logpriors (external) = [np.float64(-13.169576174410047)]
 2026-05-10 16:40:34,296 [model] Got input parameters: {'omega_b': 0.021903315, 'n_s': 0.98249758, 'A_planck': 1.0200026, 'H0': 67.4, 'ln10^{10}A_s': 3.044, 'omega_cdm': 0.12, 'tau_reio': 0.0544, 'calib_100T': 0.9979651703447879, 'calib_217T': 0.9983709435524588, 'A_pol': 1.0, 'calib_100P': 1.021, 'calib_143P': 0.966, 'calib_217P': 1.04, 'cib_index': -1.3, 'A_cib_217': 74.5727824868191, 'xi_sz_cib': 0.0, 'A_sz': 8.542593351288152, 'ksz_norm': 10.0, 'gal545_A_100': 12.647011541840506, 'gal545_A_143': 18.399605012186964, 'gal545_A_143_217': 26.736552501302455, 'gal545_A_217': 96.744971381118, 'A_sbpx_100_100_TT': 1.0, 'A_sbpx_143_143_TT': 1.0, 'A_sbpx_143_217_TT': 1.0, 'A_sbpx_217_217_TT': 1.0, 'ps_A_100_100': 317.60325915540705, 'ps_A_143_143': 44.915097015736976, 'ps_A_143_217': 23.695619708270186, 'ps_A_217_217': 76.3269033440171, 'galf_TE_index': -2.4, 'galf_TE_A_100': 0.11806462622515913, 'galf_TE_A_100_143': 0.13729322495516827, 'galf_TE_A_100_217': 0.48471744281676665, 'galf_TE_A_143': 0.22411381368695077, 'galf_TE_A_143_217': 0.6704954828324379, 'galf_TE_A_217': 2.1285930370364436, 'galf_EE_index': -2.4, 'galf_EE_A_100': 0.055, 'galf_EE_A_100_143': 0.04, 'galf_EE_A_100_217': 0.094, 'galf_EE_A_143': 0.086, 'galf_EE_A_143_217': 0.21, 'galf_EE_A_217': 0.7, 'A_cnoise_e2e_100_100_EE': 1.0, 'A_cnoise_e2e_143_143_EE': 1.0, 'A_cnoise_e2e_217_217_EE': 1.0, 'A_sbpx_100_100_EE': 1.0, 'A_sbpx_100_143_EE': 1.0, 'A_sbpx_100_217_EE': 1.0, 'A_sbpx_143_143_EE': 1.0, 'A_sbpx_143_217_EE': 1.0, 'A_sbpx_217_217_EE': 1.0}
 2026-05-10 16:40:34,297 [classy] Got parameters {'omega_b': 0.021903315, 'n_s': 0.98249758, 'H0': 67.4, 'ln10^{10}A_s': 3.044, 'omega_cdm': 0.12, 'tau_reio': 0.0544}
 2026-05-10 16:40:34,297 [classy] Re-using computed results
 2026-05-10 16:40:34,297 [planck_2018_highl_plik.ttteee] Got parameters {'A_planck': 1.0200026, 'calib_100T': 0.9979651703447879, 'calib_217T': 0.9983709435524588, 'A_pol': 1.0, 'calib_100P': 1.021, 'calib_143P': 0.966, 'calib_217P': 1.04, 'cib_index': -1.3, 'A_cib_217': 74.5727824868191, 'xi_sz_cib': 0.0, 'A_sz': 8.542593351288152, 'ksz_norm': 10.0, 'gal545_A_100': 12.647011541840506, 'gal545_A_143': 18.399605012186964, 'gal545_A_143_217': 26.736552501302455, 'gal545_A_217': 96.744971381118, 'A_sbpx_100_100_TT': 1.0, 'A_sbpx_143_143_TT': 1.0, 'A_sbpx_143_217_TT': 1.0, 'A_sbpx_217_217_TT': 1.0, 'ps_A_100_100': 317.60325915540705, 'ps_A_143_143': 44.915097015736976, 'ps_A_143_217': 23.695619708270186, 'ps_A_217_217': 76.3269033440171, 'galf_TE_index': -2.4, 'galf_TE_A_100': 0.11806462622515913, 'galf_TE_A_100_143': 0.13729322495516827, 'galf_TE_A_100_217': 0.48471744281676665, 'galf_TE_A_143': 0.22411381368695077, 'galf_TE_A_143_217': 0.6704954828324379, 'galf_TE_A_217': 2.1285930370364436, 'galf_EE_index': -2.4, 'galf_EE_A_100': 0.055, 'galf_EE_A_100_143': 0.04, 'galf_EE_A_100_217': 0.094, 'galf_EE_A_143': 0.086, 'galf_EE_A_143_217': 0.21, 'galf_EE_A_217': 0.7, 'A_cnoise_e2e_100_100_EE': 1.0, 'A_cnoise_e2e_143_143_EE': 1.0, 'A_cnoise_e2e_217_217_EE': 1.0, 'A_sbpx_100_100_EE': 1.0, 'A_sbpx_100_143_EE': 1.0, 'A_sbpx_100_217_EE': 1.0, 'A_sbpx_143_143_EE': 1.0, 'A_sbpx_143_217_EE': 1.0, 'A_sbpx_217_217_EE': 1.0}
 2026-05-10 16:40:34,297 [planck_2018_highl_plik.ttteee] Computing new state
 2026-05-10 16:40:34,307 [planck_2018_highl_plik.ttteee] Computed log-likelihood = -1387.9791037368152
 2026-05-10 16:40:34,307 [planck_2018_lowl.tt] Got parameters {'A_planck': 1.0200026}
 2026-05-10 16:40:34,307 [planck_2018_lowl.tt] Re-using computed results
 2026-05-10 16:40:34,307 [planck_2018_lowl.ee] Got parameters {'A_planck': 1.0200026}
 2026-05-10 16:40:34,307 [planck_2018_lowl.ee] Re-using computed results
 2026-05-10 16:40:34,307 [planck_2018_lensing.native] Got parameters {'A_planck': 1.0200026}
 2026-05-10 16:40:34,307 [planck_2018_lensing.native] Re-using computed results
 2026-05-10 16:40:34,307 [pybobyqa.util] Function eval 621 at point 621 has f = 1654.45621641596 at x = [...]
 2026-05-10 16:40:34,308 [pybobyqa.solver] Ratio = -2.20278
 2026-05-10 16:40:34,308 [pybobyqa.solver] Updating with knew = 32
 2026-05-10 16:40:34,308 [pybobyqa.solver] Checking and possibly improving geometry (unsuccessful step)
 2026-05-10 16:40:34,308 [pybobyqa.solver] At return from solver, number of function evals = 1
 2026-05-10 16:40:34,308 [pybobyqa.solver] Smallest objective value = 1654.45473130953 at x = [-3.35518378  0.02772109  3.02615833 -0.31923021  1.13217618  9.13084726
  6.05006523 10.47878467  4.56201722  6.6610379   5.16444722 -5.89857994
 -1.86051001 -4.91122986 -0.62699766  0.21234289  1.76042965  0.73425383
  0.32391875  2.62928295]
 2026-05-10 16:40:34,308 [pybobyqa.solver] Did a total of 1 run(s)
 2026-05-10 16:40:34,308 [minimize] Run 2/2 converged.
 2026-05-10 16:40:34,308 [minimize] Finished successfully!
 2026-05-10 16:40:34,308 [minimize] -log(posterior) minimized to 1654.45
 2026-05-10 16:40:34,308 [model] Posterior to be computed for parameters {'calib_100T': np.float64(0.9979377684672903), 'calib_217T': np.float64(0.9983973874302638), 'A_cib_217",audit_full_plik_nuisance_profile/20260510T233506Z/native_full_map_posterior_profile.minimum.txt,1,31,1.0,1654.4526,0.99793777,0.99839739,73.801091,0.0,8.5423102,10.0,12.636718,18.452254,27.183572,97.928135,316.40374,45.282995,23.761757,77.068694,0.11500948,0.13756116,0.48454384,0.22781688,0.67408966,2.1479799,3207.0423,50.931464,37.762601,13.168863,3207.0423,2775.3122,19.775841,395.99407,15.960124
native,map,likelihood_profile,audit_full_plik_nuisance_profile/20260510T233506Z/native_full_map_likelihood_profile.yaml,audit_full_plik_nuisance_profile/20260510T233506Z/native_full_map_likelihood_profile,0,audit_full_plik_nuisance_profile/20260510T233506Z/native_full_map_likelihood_profile.stdout.txt," 2026-05-10 16:41:27,233 [planck_2018_lensing.native] Got parameters {'A_planck': 1.0200026}
 2026-05-10 16:41:27,233 [planck_2018_lensing.native] Re-using computed results
 2026-05-10 16:41:27,233 [pybobyqa.util] Function eval 734 at point 734 has f = 1583.76305559111 at x = [...]
 2026-05-10 16:41:27,233 [pybobyqa.solver] Ratio = -1.29812
 2026-05-10 16:41:27,233 [pybobyqa.solver] Updating with knew = 40
 2026-05-10 16:41:27,233 [pybobyqa.solver] Checking and possibly improving geometry (unsuccessful step)
 2026-05-10 16:41:27,233 [pybobyqa.controller] Running geometry-fixing step
 2026-05-10 16:41:27,237 [model] Got input parameters: {'omega_b': 0.021903315, 'n_s': 0.98249758, 'A_planck': 1.0200026, 'H0': 67.4, 'ln10^{10}A_s': 3.044, 'omega_cdm': 0.12, 'tau_reio': 0.0544, 'calib_100T': 0.9966838434160789, 'calib_217T': 1.0013135686277774, 'A_pol': 1.0, 'calib_100P': 1.021, 'calib_143P': 0.966, 'calib_217P': 1.04, 'cib_index': -1.3, 'A_cib_217': 76.22031141346575, 'xi_sz_cib': 0.0008799916069684548, 'A_sz': 9.997148402136062, 'ksz_norm': 10.0, 'gal545_A_100': 18.652625672059735, 'gal545_A_143': 20.64817074951075, 'gal545_A_143_217': 34.055263042442476, 'gal545_A_217': 111.85274706573547, 'A_sbpx_100_100_TT': 1.0, 'A_sbpx_143_143_TT': 1.0, 'A_sbpx_143_217_TT': 1.0, 'A_sbpx_217_217_TT': 1.0, 'ps_A_100_100': 263.0839075041231, 'ps_A_143_143': 38.17579608174417, 'ps_A_143_217': 18.47666801381952, 'ps_A_217_217': 67.7071504717017, 'galf_TE_index': -2.4, 'galf_TE_A_100': 0.05049598588679377, 'galf_TE_A_100_143': 0.18624997455151615, 'galf_TE_A_100_217': 0.8993487606171546, 'galf_TE_A_143': 0.35944370141968485, 'galf_TE_A_143_217': 0.9638029206995169, 'galf_TE_A_217': 2.803436563316822, 'galf_EE_index': -2.4, 'galf_EE_A_100': 0.055, 'galf_EE_A_100_143': 0.04, 'galf_EE_A_100_217': 0.094, 'galf_EE_A_143': 0.086, 'galf_EE_A_143_217': 0.21, 'galf_EE_A_217': 0.7, 'A_cnoise_e2e_100_100_EE': 1.0, 'A_cnoise_e2e_143_143_EE': 1.0, 'A_cnoise_e2e_217_217_EE': 1.0, 'A_sbpx_100_100_EE': 1.0, 'A_sbpx_100_143_EE': 1.0, 'A_sbpx_100_217_EE': 1.0, 'A_sbpx_143_143_EE': 1.0, 'A_sbpx_143_217_EE': 1.0, 'A_sbpx_217_217_EE': 1.0}
 2026-05-10 16:41:27,238 [classy] Got parameters {'omega_b': 0.021903315, 'n_s': 0.98249758, 'H0': 67.4, 'ln10^{10}A_s': 3.044, 'omega_cdm': 0.12, 'tau_reio': 0.0544}
 2026-05-10 16:41:27,238 [classy] Re-using computed results
 2026-05-10 16:41:27,238 [planck_2018_highl_plik.ttteee] Got parameters {'A_planck': 1.0200026, 'calib_100T': 0.9966838434160789, 'calib_217T': 1.0013135686277774, 'A_pol': 1.0, 'calib_100P': 1.021, 'calib_143P': 0.966, 'calib_217P': 1.04, 'cib_index': -1.3, 'A_cib_217': 76.22031141346575, 'xi_sz_cib': 0.0008799916069684548, 'A_sz': 9.997148402136062, 'ksz_norm': 10.0, 'gal545_A_100': 18.652625672059735, 'gal545_A_143': 20.64817074951075, 'gal545_A_143_217': 34.055263042442476, 'gal545_A_217': 111.85274706573547, 'A_sbpx_100_100_TT': 1.0, 'A_sbpx_143_143_TT': 1.0, 'A_sbpx_143_217_TT': 1.0, 'A_sbpx_217_217_TT': 1.0, 'ps_A_100_100': 263.0839075041231, 'ps_A_143_143': 38.17579608174417, 'ps_A_143_217': 18.47666801381952, 'ps_A_217_217': 67.7071504717017, 'galf_TE_index': -2.4, 'galf_TE_A_100': 0.05049598588679377, 'galf_TE_A_100_143': 0.18624997455151615, 'galf_TE_A_100_217': 0.8993487606171546, 'galf_TE_A_143': 0.35944370141968485, 'galf_TE_A_143_217': 0.9638029206995169, 'galf_TE_A_217': 2.803436563316822, 'galf_EE_index': -2.4, 'galf_EE_A_100': 0.055, 'galf_EE_A_100_143': 0.04, 'galf_EE_A_100_217': 0.094, 'galf_EE_A_143': 0.086, 'galf_EE_A_143_217': 0.21, 'galf_EE_A_217': 0.7, 'A_cnoise_e2e_100_100_EE': 1.0, 'A_cnoise_e2e_143_143_EE': 1.0, 'A_cnoise_e2e_217_217_EE': 1.0, 'A_sbpx_100_100_EE': 1.0, 'A_sbpx_100_143_EE': 1.0, 'A_sbpx_100_217_EE': 1.0, 'A_sbpx_143_143_EE': 1.0, 'A_sbpx_143_217_EE': 1.0, 'A_sbpx_217_217_EE': 1.0}
 2026-05-10 16:41:27,238 [planck_2018_highl_plik.ttteee] Computing new state
 2026-05-10 16:41:27,249 [planck_2018_highl_plik.ttteee] Computed log-likelihood = -1367.9331013167123
 2026-05-10 16:41:27,249 [planck_2018_lowl.tt] Got parameters {'A_planck': 1.0200026}
 2026-05-10 16:41:27,249 [planck_2018_lowl.tt] Re-using computed results
 2026-05-10 16:41:27,249 [planck_2018_lowl.ee] Got parameters {'A_planck': 1.0200026}
 2026-05-10 16:41:27,249 [planck_2018_lowl.ee] Re-using computed results
 2026-05-10 16:41:27,249 [planck_2018_lensing.native] Got parameters {'A_planck': 1.0200026}
 2026-05-10 16:41:27,249 [planck_2018_lensing.native] Re-using computed results
 2026-05-10 16:41:27,249 [pybobyqa.util] Function eval 735 at point 735 has f = 1583.79811934827 at x = [...]
 2026-05-10 16:41:27,253 [pybobyqa.solver] Trust region step is d = [ 0.          0.         -0.00437294  0.          0.          0.
  0.          0.          0.01817916  0.01859354 -0.01354912  0.0119594
 -0.01935026 -0.00514132  0.01174775  0.00949369 -0.02067767  0.02040084
 -0.00129889  0.00190193]
 2026-05-10 16:41:27,253 [pybobyqa.solver] Standard trust region step
 2026-05-10 16:41:27,266 [model] Got input parameters: {'omega_b': 0.021903315, 'n_s': 0.98249758, 'A_planck': 1.0200026, 'H0': 67.4, 'ln10^{10}A_s': 3.044, 'omega_cdm': 0.12, 'tau_reio': 0.0544, 'calib_100T': 0.9966815810147492, 'calib_217T': 1.0013171033434194, 'A_pol': 1.0, 'calib_100P': 1.021, 'calib_143P': 0.966, 'calib_217P': 1.04, 'cib_index': -1.3, 'A_cib_217': 76.22727404079805, 'xi_sz_cib': 0.0, 'A_sz': 10.0, 'ksz_norm': 10.0, 'gal545_A_100': 18.652625672059735, 'gal545_A_143': 20.652625672059735, 'gal545_A_143_217': 34.075838001017736, 'gal545_A_217': 111.84987878732001, 'A_sbpx_100_100_TT': 1.0, 'A_sbpx_143_143_TT': 1.0, 'A_sbpx_143_217_TT': 1.0, 'A_sbpx_217_217_TT': 1.0, 'ps_A_100_100': 263.1075807012135, 'ps_A_143_143': 38.19334589732694, 'ps_A_143_217': 18.4387942494647, 'ps_A_217_217': 67.6920001657389, 'galf_TE_index': -2.4, 'galf_TE_A_100': 0.04985528376961515, 'galf_TE_A_100_143': 0.1862188889463789, 'galf_TE_A_100_217': 0.8960689870956251, 'galf_TE_A_143': 0.3585382639046878, 'galf_TE_A_143_217': 0.9629692185723577, 'galf_TE_A_217': 2.802654846047426, 'galf_EE_index': -2.4, 'galf_EE_A_100': 0.055, 'galf_EE_A_100_143': 0.04, 'galf_EE_A_100_217': 0.094, 'galf_EE_A_143': 0.086, 'galf_EE_A_143_217': 0.21, 'galf_EE_A_217': 0.7, 'A_cnoise_e2e_100_100_EE': 1.0, 'A_cnoise_e2e_143_143_EE': 1.0, 'A_cnoise_e2e_217_217_EE': 1.0, 'A_sbpx_100_100_EE': 1.0, 'A_sbpx_100_143_EE': 1.0, 'A_sbpx_100_217_EE': 1.0, 'A_sbpx_143_143_EE': 1.0, 'A_sbpx_143_217_EE': 1.0, 'A_sbpx_217_217_EE': 1.0}
 2026-05-10 16:41:27,266 [classy] Got parameters {'omega_b': 0.021903315, 'n_s': 0.98249758, 'H0': 67.4, 'ln10^{10}A_s': 3.044, 'omega_cdm': 0.12, 'tau_reio': 0.0544}
 2026-05-10 16:41:27,266 [classy] Re-using computed results
 2026-05-10 16:41:27,266 [planck_2018_highl_plik.ttteee] Got parameters {'A_planck': 1.0200026, 'calib_100T': 0.9966815810147492, 'calib_217T': 1.0013171033434194, 'A_pol': 1.0, 'calib_100P': 1.021, 'calib_143P': 0.966, 'calib_217P': 1.04, 'cib_index': -1.3, 'A_cib_217': 76.22727404079805, 'xi_sz_cib': 0.0, 'A_sz': 10.0, 'ksz_norm': 10.0, 'gal545_A_100': 18.652625672059735, 'gal545_A_143': 20.652625672059735, 'gal545_A_143_217': 34.075838001017736, 'gal545_A_217': 111.84987878732001, 'A_sbpx_100_100_TT': 1.0, 'A_sbpx_143_143_TT': 1.0, 'A_sbpx_143_217_TT': 1.0, 'A_sbpx_217_217_TT': 1.0, 'ps_A_100_100': 263.1075807012135, 'ps_A_143_143': 38.19334589732694, 'ps_A_143_217': 18.4387942494647, 'ps_A_217_217': 67.6920001657389, 'galf_TE_index': -2.4, 'galf_TE_A_100': 0.04985528376961515, 'galf_TE_A_100_143': 0.1862188889463789, 'galf_TE_A_100_217': 0.8960689870956251, 'galf_TE_A_143': 0.3585382639046878, 'galf_TE_A_143_217': 0.9629692185723577, 'galf_TE_A_217': 2.802654846047426, 'galf_EE_index': -2.4, 'galf_EE_A_100': 0.055, 'galf_EE_A_100_143': 0.04, 'galf_EE_A_100_217': 0.094, 'galf_EE_A_143': 0.086, 'galf_EE_A_143_217': 0.21, 'galf_EE_A_217': 0.7, 'A_cnoise_e2e_100_100_EE': 1.0, 'A_cnoise_e2e_143_143_EE': 1.0, 'A_cnoise_e2e_217_217_EE': 1.0, 'A_sbpx_100_100_EE': 1.0, 'A_sb",audit_full_plik_nuisance_profile/20260510T233506Z/native_full_map_likelihood_profile.bestfit.txt,1,31,1.0,1699.8201,0.99668158,1.0013171,76.307124,0.0,10.0,10.0,18.652626,20.652626,34.006951,111.68306,262.33389,38.16687,18.586243,67.744746,0.063338038,0.20077707,0.91236816,0.37198439,0.97779444,2.8147952,3167.5161,116.06202,98.919473,17.142551,3167.5161,2735.786,19.775841,395.99407,15.960124
native,mean,posterior_profile,audit_full_plik_nuisance_profile/20260510T233506Z/native_full_mean_posterior_profile.yaml,audit_full_plik_nuisance_profile/20260510T233506Z/native_full_mean_posterior_profile,0,audit_full_plik_nuisance_profile/20260510T233506Z/native_full_mean_posterior_profile.stdout.txt," 2026-05-10 16:42:05,398 [classy] Re-using computed results
 2026-05-10 16:42:05,398 [planck_2018_highl_plik.ttteee] Got parameters {'A_planck': 1.0200422931369661, 'calib_100T': 0.9979254346312655, 'calib_217T': 0.9983578623173187, 'A_pol': 1.0, 'calib_100P': 1.021, 'calib_143P': 0.966, 'calib_217P': 1.04, 'cib_index': -1.3, 'A_cib_217': 75.80779862756802, 'xi_sz_cib': 0.0, 'A_sz': 8.606252237027302, 'ksz_norm': 10.0, 'gal545_A_100': 12.694435960903897, 'gal545_A_143': 18.568042657159825, 'gal545_A_143_217': 26.74855286085562, 'gal545_A_217': 96.00335908947712, 'A_sbpx_100_100_TT': 1.0, 'A_sbpx_143_143_TT': 1.0, 'A_sbpx_143_217_TT': 1.0, 'A_sbpx_217_217_TT': 1.0, 'ps_A_100_100': 318.5020655800365, 'ps_A_143_143': 45.124216481537786, 'ps_A_143_217': 23.684283164122085, 'ps_A_217_217': 74.88260725036946, 'galf_TE_index': -2.4, 'galf_TE_A_100': 0.11591430560388492, 'galf_TE_A_100_143': 0.13669262560961593, 'galf_TE_A_100_217': 0.4826539656098211, 'galf_TE_A_143': 0.22697516364908654, 'galf_TE_A_143_217': 0.6695304005825921, 'galf_TE_A_217': 2.14609701966788, 'galf_EE_index': -2.4, 'galf_EE_A_100': 0.055, 'galf_EE_A_100_143': 0.04, 'galf_EE_A_100_217': 0.094, 'galf_EE_A_143': 0.086, 'galf_EE_A_143_217': 0.21, 'galf_EE_A_217': 0.7, 'A_cnoise_e2e_100_100_EE': 1.0, 'A_cnoise_e2e_143_143_EE': 1.0, 'A_cnoise_e2e_217_217_EE': 1.0, 'A_sbpx_100_100_EE': 1.0, 'A_sbpx_100_143_EE': 1.0, 'A_sbpx_100_217_EE': 1.0, 'A_sbpx_143_143_EE': 1.0, 'A_sbpx_143_217_EE': 1.0, 'A_sbpx_217_217_EE': 1.0}
 2026-05-10 16:42:05,398 [planck_2018_highl_plik.ttteee] Computing new state
 2026-05-10 16:42:05,409 [planck_2018_highl_plik.ttteee] Computed log-likelihood = -1389.60083372792
 2026-05-10 16:42:05,409 [planck_2018_lowl.tt] Got parameters {'A_planck': 1.0200422931369661}
 2026-05-10 16:42:05,409 [planck_2018_lowl.tt] Re-using computed results
 2026-05-10 16:42:05,409 [planck_2018_lowl.ee] Got parameters {'A_planck': 1.0200422931369661}
 2026-05-10 16:42:05,409 [planck_2018_lowl.ee] Re-using computed results
 2026-05-10 16:42:05,409 [planck_2018_lensing.native] Got parameters {'A_planck': 1.0200422931369661}
 2026-05-10 16:42:05,409 [planck_2018_lensing.native] Re-using computed results
 2026-05-10 16:42:05,410 [pybobyqa.util] Function eval 505 at point 505 has f = 1656.77517103217 at x = [...]
 2026-05-10 16:42:05,410 [pybobyqa.solver] Ratio = -1.61148
 2026-05-10 16:42:05,410 [pybobyqa.solver] Updating with knew = 2
 2026-05-10 16:42:05,410 [pybobyqa.solver] Checking and possibly improving geometry (unsuccessful step)
 2026-05-10 16:42:05,414 [pybobyqa.solver] Trust region step is d = [ 0.00054394  0.00588743 -0.00148444  0.          0.00556475  0.
  0.00964667  0.0065974   0.00259393 -0.00660552  0.00331997 -0.00205356
 -0.00946147  0.00190923  0.00331266 -0.00132801  0.00156759 -0.00512697
 -0.00749223  0.00188577]
 2026-05-10 16:42:05,414 [pybobyqa.solver] Safety step (main phase)
 2026-05-10 16:42:05,414 [model] Posterior to be computed for parameters {'calib_100T': np.float64(0.9979253695322623), 'calib_217T': np.float64(0.9983574682964449), 'A_cib_217': np.float64(75.81328928654708), 'xi_sz_cib': np.float64(0.0), 'A_sz': np.float64(8.612228550993946), 'ksz_norm': np.float64(10.0), 'gal545_A_100': np.float64(12.702038500388074), 'gal545_A_143': np.float64(18.577278179613465), 'gal545_A_143_217': np.float64(26.79819041286371), 'gal545_A_217': np.float64(96.06198443059561), 'ps_A_100_100': np.float64(318.5064865730078), 'ps_A_143_143': np.float64(45.10170545333102), 'ps_A_143_217': np.float64(23.609493842559242), 'ps_A_217_217': np.float64(74.81044952917524), 'galf_TE_A_100': np.float64(0.11615270511262775), 'galf_TE_A_100_143': np.float64(0.13687452920399515), 'galf_TE_A_100_217': np.float64(0.48283323573944165), 'galf_TE_A_143': np.float64(0.22637215507762118), 'galf_TE_A_143_217': np.float64(0.668504360864572), 'galf_TE_A_217': np.float64(2.1439425043697127)}
 2026-05-10 16:42:05,414 [prior] Evaluating prior at array([9.97925370e-01, 9.98357468e-01, 7.58132893e+01, 0.00000000e+00,
       8.61222855e+00, 1.00000000e+01, 1.27020385e+01, 1.85772782e+01,
       2.67981904e+01, 9.60619844e+01, 3.18506487e+02, 4.51017055e+01,
       2.36094938e+01, 7.48104495e+01, 1.16152705e-01, 1.36874529e-01,
       4.82833236e-01, 2.26372155e-01, 6.68504361e-01, 2.14394250e+00])
 2026-05-10 16:42:05,414 [prior] Got logpriors (internal) = -38.04675775922789
 2026-05-10 16:42:05,414 [prior] Got logpriors (external) = [np.float64(-13.345661713808994)]
 2026-05-10 16:42:05,414 [model] Got input parameters: {'omega_b': 0.021934116700883653, 'n_s': 0.9817776301030928, 'A_planck': 1.0200422931369661, 'H0': 67.4, 'ln10^{10}A_s': 3.044, 'omega_cdm': 0.12, 'tau_reio': 0.0544, 'calib_100T': 0.9979253695322623, 'calib_217T': 0.9983574682964449, 'A_pol': 1.0, 'calib_100P': 1.021, 'calib_143P': 0.966, 'calib_217P': 1.04, 'cib_index': -1.3, 'A_cib_217': 75.81328928654708, 'xi_sz_cib': 0.0, 'A_sz': 8.612228550993946, 'ksz_norm': 10.0, 'gal545_A_100': 12.702038500388074, 'gal545_A_143': 18.577278179613465, 'gal545_A_143_217': 26.79819041286371, 'gal545_A_217': 96.06198443059561, 'A_sbpx_100_100_TT': 1.0, 'A_sbpx_143_143_TT': 1.0, 'A_sbpx_143_217_TT': 1.0, 'A_sbpx_217_217_TT': 1.0, 'ps_A_100_100': 318.5064865730078, 'ps_A_143_143': 45.10170545333102, 'ps_A_143_217': 23.609493842559242, 'ps_A_217_217': 74.81044952917524, 'galf_TE_index': -2.4, 'galf_TE_A_100': 0.11615270511262775, 'galf_TE_A_100_143': 0.13687452920399515, 'galf_TE_A_100_217': 0.48283323573944165, 'galf_TE_A_143': 0.22637215507762118, 'galf_TE_A_143_217': 0.668504360864572, 'galf_TE_A_217': 2.1439425043697127, 'galf_EE_index': -2.4, 'galf_EE_A_100': 0.055, 'galf_EE_A_100_143': 0.04, 'galf_EE_A_100_217': 0.094, 'galf_EE_A_143': 0.086, 'galf_EE_A_143_217': 0.21, 'galf_EE_A_217': 0.7, 'A_cnoise_e2e_100_100_EE': 1.0, 'A_cnoise_e2e_143_143_EE': 1.0, 'A_cnoise_e2e_217_217_EE': 1.0, 'A_sbpx_100_100_EE': 1.0, 'A_sbpx_100_143_EE': 1.0, 'A_sbpx_100_217_EE': 1.0, 'A_sbpx_143_143_EE': 1.0, 'A_sbpx_143_217_EE': 1.0, 'A_sbpx_217_217_EE': 1.0}
 2026-05-10 16:42:05,415 [classy] Got parameters {'omega_b': 0.021934116700883653, 'n_s': 0.9817776301030928, 'H0': 67.4, 'ln10^{10}A_s': 3.044, 'omega_cdm': 0.12, 'tau_reio': 0.0544}
 2026-05-10 16:42:05,415 [classy] Re-using computed results
 2026-05-10 16:42:05,415 [planck_2018_highl_plik.ttteee] Got parameters {'A_planck': 1.0200422931369661, 'calib_100T': 0.9979253695322623, 'calib_217T': 0.9983574682964449, 'A_pol': 1.0, 'calib_100P': 1.021, 'calib_143P': 0.966, 'calib_217P': 1.04, 'cib_index': -1.3, 'A_cib_217': 75.81328928654708, 'xi_sz_cib': 0.0, 'A_sz': 8.612228550993946, 'ksz_norm': 10.0, 'gal545_A_100': 12.702038500388074, 'gal545_A_143': 18.577278179613465, 'gal545_A_143_217': 26.79819041286371, 'gal545_A_217': 96.06198443059561, 'A_sbpx_100_100_TT': 1.0, 'A_sbpx_143_143_TT': 1.0, 'A_sbpx_143_217_TT': 1.0, 'A_sbpx_217_217_TT': 1.0, 'ps_A_100_100': 318.5064865730078, 'ps_A_143_143': 45.10170545333102, 'ps_A_143_217': 23.609493842559242, 'ps_A_217_217': 74.81044952917524, 'galf_TE_index': -2.4, 'galf_TE_A_100': 0.11615270511262775, 'galf_TE_A_100_143': 0.13687452920399515, 'galf_TE_A_100_217': 0.48283323573944165, 'galf_TE_A_143': 0.22637215507762118, 'galf_TE_A_143_217': 0.668504360864572, 'galf_TE_A_217': 2.1439425043697127, 'galf_EE_index': -2.4, 'galf_EE_A_100': 0.055, 'galf_EE_A_100_143': 0.04, 'galf_EE_A_100_217': 0.094, 'galf_EE_A_143': 0.086, 'galf_EE_A_143_217': 0.21, 'galf_EE_A_217': 0.7, 'A_cnoise_e2e_100_100_EE': 1.0, 'A_cnoise_e2e_143_143_EE': 1.0, 'A_cnoise_e2e_217_217_EE': 1.0, 'A_sbpx_100_100_EE': 1.0, 'A_sbpx_100_143_EE': 1.0, 'A_sbpx_100_217_EE': 1.0, 'A_sbpx_143_143_EE': 1.0, 'A_sbpx_143_217_EE': 1.0, 'A_sbpx_217_217_EE': 1.0}
 2026-05-10 16:42:05,415 [planck_2018_highl_plik.ttteee] Computing new state
 2026-05-10 16:42:05,426 [planck_2018_highl_plik.ttteee] Computed log-likelihood = -1389.5580147379994
 2026-05-10 16:42:05,426 [planck_2018_lowl.tt] Got parameters {'A_planck': 1.02004229",audit_full_plik_nuisance_profile/20260510T233506Z/native_full_mean_posterior_profile.minimum.txt,1,31,1.0,1656.7596,0.99792514,0.99838854,75.184921,0.0,8.6670091,10.0,12.569378,18.511223,27.207032,97.158225,317.62706,45.416568,23.630579,75.391346,0.11583222,0.13761309,0.4802944,0.22681279,0.67070757,2.1382476,3210.8863,51.316478,37.831324,13.485154,3210.8863,2779.2372,19.78351,395.96794,15.89767
native,mean,likelihood_profile,audit_full_plik_nuisance_profile/20260510T233506Z/native_full_mean_likelihood_profile.yaml,audit_full_plik_nuisance_profile/20260510T233506Z/native_full_mean_likelihood_profile,0,audit_full_plik_nuisance_profile/20260510T233506Z/native_full_mean_likelihood_profile.stdout.txt," 2026-05-10 16:42:50,113 [planck_2018_lensing.native] Re-using computed results
 2026-05-10 16:42:50,113 [pybobyqa.util] Function eval 746 at point 746 has f = 1585.96047110738 at x = [...]
 2026-05-10 16:42:50,113 [pybobyqa.solver] Ratio = -0.587186
 2026-05-10 16:42:50,113 [pybobyqa.solver] Updating with knew = 20
 2026-05-10 16:42:50,113 [pybobyqa.solver] Checking and possibly improving geometry (unsuccessful step)
 2026-05-10 16:42:50,114 [pybobyqa.controller] Running geometry-fixing step
 2026-05-10 16:42:50,117 [model] Got input parameters: {'omega_b': 0.021934116700883653, 'n_s': 0.9817776301030928, 'A_planck': 1.0200422931369661, 'H0': 67.4, 'ln10^{10}A_s': 3.044, 'omega_cdm': 0.12, 'tau_reio': 0.0544, 'calib_100T': 0.9966815810147492, 'calib_217T': 1.001314147334822, 'A_pol': 1.0, 'calib_100P': 1.021, 'calib_143P': 0.966, 'calib_217P': 1.04, 'cib_index': -1.3, 'A_cib_217': 76.92262854894291, 'xi_sz_cib': 0.0, 'A_sz': 10.0, 'ksz_norm': 10.0, 'gal545_A_100': 18.636561924747923, 'gal545_A_143': 20.652625672059735, 'gal545_A_143_217': 33.91749302970523, 'gal545_A_217': 111.3099698514385, 'A_sbpx_100_100_TT': 1.0, 'A_sbpx_143_143_TT': 1.0, 'A_sbpx_143_217_TT': 1.0, 'A_sbpx_217_217_TT': 1.0, 'ps_A_100_100': 264.99974471411906, 'ps_A_143_143': 38.82359620215081, 'ps_A_143_217': 18.76117520609207, 'ps_A_217_217': 67.09855762198123, 'galf_TE_index': -2.4, 'galf_TE_A_100': 0.050442256767748744, 'galf_TE_A_100_143': 0.19409665168394077, 'galf_TE_A_100_217': 0.9123681552426879, 'galf_TE_A_143': 0.3646466718450262, 'galf_TE_A_143_217': 0.9769517166666558, 'galf_TE_A_217': 2.8248978928297657, 'galf_EE_index': -2.4, 'galf_EE_A_100': 0.055, 'galf_EE_A_100_143': 0.04, 'galf_EE_A_100_217': 0.094, 'galf_EE_A_143': 0.086, 'galf_EE_A_143_217': 0.21, 'galf_EE_A_217': 0.7, 'A_cnoise_e2e_100_100_EE': 1.0, 'A_cnoise_e2e_143_143_EE': 1.0, 'A_cnoise_e2e_217_217_EE': 1.0, 'A_sbpx_100_100_EE': 1.0, 'A_sbpx_100_143_EE': 1.0, 'A_sbpx_100_217_EE': 1.0, 'A_sbpx_143_143_EE': 1.0, 'A_sbpx_143_217_EE': 1.0, 'A_sbpx_217_217_EE': 1.0}
 2026-05-10 16:42:50,117 [classy] Got parameters {'omega_b': 0.021934116700883653, 'n_s': 0.9817776301030928, 'H0': 67.4, 'ln10^{10}A_s': 3.044, 'omega_cdm': 0.12, 'tau_reio': 0.0544}
 2026-05-10 16:42:50,117 [classy] Re-using computed results
 2026-05-10 16:42:50,117 [planck_2018_highl_plik.ttteee] Got parameters {'A_planck': 1.0200422931369661, 'calib_100T': 0.9966815810147492, 'calib_217T': 1.001314147334822, 'A_pol': 1.0, 'calib_100P': 1.021, 'calib_143P': 0.966, 'calib_217P': 1.04, 'cib_index': -1.3, 'A_cib_217': 76.92262854894291, 'xi_sz_cib': 0.0, 'A_sz': 10.0, 'ksz_norm': 10.0, 'gal545_A_100': 18.636561924747923, 'gal545_A_143': 20.652625672059735, 'gal545_A_143_217': 33.91749302970523, 'gal545_A_217': 111.3099698514385, 'A_sbpx_100_100_TT': 1.0, 'A_sbpx_143_143_TT': 1.0, 'A_sbpx_143_217_TT': 1.0, 'A_sbpx_217_217_TT': 1.0, 'ps_A_100_100': 264.99974471411906, 'ps_A_143_143': 38.82359620215081, 'ps_A_143_217': 18.76117520609207, 'ps_A_217_217': 67.09855762198123, 'galf_TE_index': -2.4, 'galf_TE_A_100': 0.050442256767748744, 'galf_TE_A_100_143': 0.19409665168394077, 'galf_TE_A_100_217': 0.9123681552426879, 'galf_TE_A_143': 0.3646466718450262, 'galf_TE_A_143_217': 0.9769517166666558, 'galf_TE_A_217': 2.8248978928297657, 'galf_EE_index': -2.4, 'galf_EE_A_100': 0.055, 'galf_EE_A_100_143': 0.04, 'galf_EE_A_100_217': 0.094, 'galf_EE_A_143': 0.086, 'galf_EE_A_143_217': 0.21, 'galf_EE_A_217': 0.7, 'A_cnoise_e2e_100_100_EE': 1.0, 'A_cnoise_e2e_143_143_EE': 1.0, 'A_cnoise_e2e_217_217_EE': 1.0, 'A_sbpx_100_100_EE': 1.0, 'A_sbpx_100_143_EE': 1.0, 'A_sbpx_100_217_EE': 1.0, 'A_sbpx_143_143_EE': 1.0, 'A_sbpx_143_217_EE': 1.0, 'A_sbpx_217_217_EE': 1.0}
 2026-05-10 16:42:50,117 [planck_2018_highl_plik.ttteee] Computing new state
 2026-05-10 16:42:50,128 [planck_2018_highl_plik.ttteee] Computed log-likelihood = -1370.1507519692386
 2026-05-10 16:42:50,128 [planck_2018_lowl.tt] Got parameters {'A_planck': 1.0200422931369661}
 2026-05-10 16:42:50,128 [planck_2018_lowl.tt] Re-using computed results
 2026-05-10 16:42:50,128 [planck_2018_lowl.ee] Got parameters {'A_planck': 1.0200422931369661}
 2026-05-10 16:42:50,128 [planck_2018_lowl.ee] Re-using computed results
 2026-05-10 16:42:50,128 [planck_2018_lensing.native] Got parameters {'A_planck': 1.0200422931369661}
 2026-05-10 16:42:50,128 [planck_2018_lensing.native] Re-using computed results
 2026-05-10 16:42:50,128 [pybobyqa.util] Function eval 747 at point 747 has f = 1585.97531096719 at x = [...]
 2026-05-10 16:42:50,132 [pybobyqa.solver] Trust region step is d = [ 0.00000000e+00  0.00000000e+00 -1.48781319e-02  0.00000000e+00
  0.00000000e+00  0.00000000e+00  0.00000000e+00  0.00000000e+00
  4.94842092e-05  7.17916061e-03 -1.12905677e-02 -7.37890823e-03
  1.09190742e-02  2.09672272e-02 -3.78716892e-03 -7.34757044e-03
  0.00000000e+00  1.10648986e-03  1.57527053e-02  3.41850977e-02]
 2026-05-10 16:42:50,132 [pybobyqa.solver] Standard trust region step
 2026-05-10 16:42:50,145 [model] Got input parameters: {'omega_b': 0.021934116700883653, 'n_s': 0.9817776301030928, 'A_planck': 1.0200422931369661, 'H0': 67.4, 'ln10^{10}A_s': 3.044, 'omega_cdm': 0.12, 'tau_reio': 0.0544, 'calib_100T': 0.9966815810147492, 'calib_217T': 1.0013171033434194, 'A_pol': 1.0, 'calib_100P': 1.021, 'calib_143P': 0.966, 'calib_217P': 1.04, 'cib_index': -1.3, 'A_cib_217': 76.92428465807346, 'xi_sz_cib': 0.0, 'A_sz': 10.0, 'ksz_norm': 10.0, 'gal545_A_100': 18.652625672059735, 'gal545_A_143': 20.652625672059735, 'gal545_A_143_217': 33.94280252989546, 'gal545_A_217': 111.29704338155013, 'A_sbpx_100_100_TT': 1.0, 'A_sbpx_143_143_TT': 1.0, 'A_sbpx_143_217_TT': 1.0, 'A_sbpx_217_217_TT': 1.0, 'ps_A_100_100': 264.5906173940607, 'ps_A_143_143': 38.76925409105184, 'ps_A_143_217': 18.809451585309723, 'ps_A_217_217': 67.15426962438254, 'galf_TE_index': -2.4, 'galf_TE_A_100': 0.05161477679157017, 'galf_TE_A_100_143': 0.19114535528862053, 'galf_TE_A_100_217': 0.9123681552426879, 'galf_TE_A_143': 0.36594490870955876, 'galf_TE_A_143_217': 0.9774174434693593, 'galf_TE_A_217': 2.832683626366269, 'galf_EE_index': -2.4, 'galf_EE_A_100': 0.055, 'galf_EE_A_100_143': 0.04, 'galf_EE_A_100_217': 0.094, 'galf_EE_A_143': 0.086, 'galf_EE_A_143_217': 0.21, 'galf_EE_A_217': 0.7, 'A_cnoise_e2e_100_100_EE': 1.0, 'A_cnoise_e2e_143_143_EE': 1.0, 'A_cnoise_e2e_217_217_EE': 1.0, 'A_sbpx_100_100_EE': 1.0, 'A_sbpx_100_143_EE': 1.0, 'A_sbpx_100_217_EE': 1.0, 'A_sbpx_143_143_EE': 1.0, 'A_sbpx_143_217_EE': 1.0, 'A_sbpx_217_217_EE': 1.0}
 2026-05-10 16:42:50,145 [classy] Got parameters {'omega_b': 0.021934116700883653, 'n_s': 0.9817776301030928, 'H0': 67.4, 'ln10^{10}A_s': 3.044, 'omega_cdm': 0.12, 'tau_reio': 0.0544}
 2026-05-10 16:42:50,145 [classy] Re-using computed results
 2026-05-10 16:42:50,145 [planck_2018_highl_plik.ttteee] Got parameters {'A_planck': 1.0200422931369661, 'calib_100T': 0.9966815810147492, 'calib_217T': 1.0013171033434194, 'A_pol': 1.0, 'calib_100P': 1.021, 'calib_143P': 0.966, 'calib_217P': 1.04, 'cib_index': -1.3, 'A_cib_217': 76.92428465807346, 'xi_sz_cib': 0.0, 'A_sz': 10.0, 'ksz_norm': 10.0, 'gal545_A_100': 18.652625672059735, 'gal545_A_143': 20.652625672059735, 'gal545_A_143_217': 33.94280252989546, 'gal545_A_217': 111.29704338155013, 'A_sbpx_100_100_TT': 1.0, 'A_sbpx_143_143_TT': 1.0, 'A_sbpx_143_217_TT': 1.0, 'A_sbpx_217_217_TT': 1.0, 'ps_A_100_100': 264.5906173940607, 'ps_A_143_143': 38.76925409105184, 'ps_A_143_217': 18.809451585309723, 'ps_A_217_217': 67.15426962438254, 'galf_TE_index': -2.4, 'galf_TE_A_100': 0.05161477679157017, 'galf_TE_A_100_143': 0.19114535528862053, 'galf_TE_A_100_217': 0.9123681552426879, 'galf_TE_A_143': 0.36594490870955876, 'galf_TE_A_143_217': 0.9774174434693593, 'galf_TE_A_217': 2.832683626366269, 'galf_EE_index': -2.4, 'galf_EE_A_100': 0.055, 'galf_EE_A_100_143': 0.04, 'galf_EE_A_100_217': 0.094, 'galf_EE_A_143': 0.086, 'galf_EE_A_143_217': 0.21, 'galf_EE_A_217': 0.7, 'A_cnoise_e2e_100_100_EE': 1.0, 'A_cnoise_e2e_143_",audit_full_plik_nuisance_profile/20260510T233506Z/native_full_mean_likelihood_profile.bestfit.txt,1,31,1.0,1701.7755,0.99668158,1.0013171,76.942138,0.0,10.0,10.0,18.652626,20.652626,33.942728,111.28269,264.78256,38.791391,18.787613,67.101852,0.051993494,0.19188011,0.91236816,0.36583426,0.97584217,2.8258466,3171.9205,115.81519,98.672638,17.142551,3171.9205,2740.2714,19.78351,395.96794,15.89767
